"customer_id","Recency","Frequency","Monetary","Recency_Score","Frequency_Score","Monetary_Score"
1,2188,11,3018.09,4,4,3
2,2309,3,2226.26,1,1,2
4,2376,2,220.57,1,1,1
5,2197,6,2394.94,4,3,2
6,2245,5,3946.55,2,2,3
7,2434,3,220.11,1,1,1
8,2203,9,5364.39,3,4,4
9,2259,6,2353.11,2,3,2
11,2227,5,3091.56,2,2,3
12,2248,7,3540.03,2,3,3
13,2208,7,4337.38,3,3,4
14,2228,3,1713.9,2,1,1
15,2216,6,1728.39,3,3,1
16,2280,5,4521.84,1,2,4
17,2181,5,2015.61,4,2,2
18,2315,7,3543.38,1,3,3
19,2461,2,1736.45,1,1,1
20,2212,4,3608.28,3,1,3
21,2187,5,4229.41,4,2,4
24,2198,7,3689.35,4,3,3
25,2186,12,5333.66,4,4,4
26,2440,2,268.24,1,1,1
27,2324,7,3274.25,1,3,3
28,2264,6,3366.56,2,3,3
29,2203,9,6175.3,3,4,4
30,2192,3,2633.95,4,1,2
31,2270,4,426.11,1,1,1
32,2319,7,2823.12,1,3,3
33,2219,7,5294.27,3,3,4
35,2273,4,3706.51,1,1,3
36,2344,2,204.36,1,1,1
37,2188,9,6338.49,4,4,4
38,2231,4,2025.34,2,1,2
39,2215,12,6085.17,3,4,4
40,2195,5,3272.7,4,2,3
41,2210,9,4698.89,3,4,4
42,2292,4,427.04,1,1,1
43,2242,9,3619.95,2,4,3
44,2216,7,4768.28,3,3,4
45,2224,3,1048.15,3,1,1
46,2234,5,1623.63,2,2,1
47,2216,7,4332.19,3,3,4
48,2263,8,5561.08,2,4,4
49,2217,4,2636.43,3,1,2
50,2207,7,4153.41,3,3,4
51,2236,8,4855.4,2,4,4
52,2185,6,5417.83,4,3,4
53,2188,5,2950.07,4,2,3
54,2248,7,4098.21,2,3,3
55,2227,8,3220.86,2,4,3
56,2183,7,1275.24,4,3,1
57,2216,6,5117.96,3,3,4
58,2201,8,3501.37,3,4,3
59,2203,3,2628.37,3,1,2
60,2381,2,647.22,1,1,1
61,2228,6,4254.24,2,3,4
62,2186,6,4920.88,4,3,4
63,2249,3,2190.05,2,1,2
64,2184,5,546.68,4,2,1
65,2317,5,3799.97,1,2,3
66,2224,5,4549.2,3,2,4
67,2297,5,1203.29,1,2,1
68,2265,3,3842.56,2,1,3
69,2201,6,5294.75,3,3,4
70,2185,5,2736.9,4,2,2
71,2312,1,155.65,1,1,1
72,2203,4,2559.78,3,1,2
73,2349,6,2316.51,1,3,2
74,2209,3,966.52,3,1,1
75,2241,8,4979.94,2,4,4
76,2182,8,2868.16,4,4,3
77,2282,3,1657.58,1,1,1
78,2392,2,82.26,1,1,1
79,2228,5,1860.29,2,2,2
80,2209,10,5988.86,3,4,4
81,2185,4,3249.02,4,1,3
82,2259,5,2924.37,2,2,3
83,2261,6,1798.2,2,3,2
84,2209,7,2295.22,3,3,2
85,2218,6,563.37,3,3,1
86,2181,9,2360.09,4,4,2
87,2199,9,3740.76,4,4,3
88,2255,6,2534.33,2,3,2
89,2185,9,5779.65,4,4,4
90,2211,7,2990.73,3,3,3
91,2190,8,5242.41,4,4,4
92,2215,3,2967.44,3,1,3
93,2260,3,2976.41,2,1,3
94,2214,7,4902.21,3,3,4
95,2219,4,3050.81,3,1,3
96,2251,3,1135.25,2,1,1
97,2283,8,4911.21,1,4,4
98,2322,4,1620.75,1,1,1
99,2183,9,4557.65,4,4,4
100,2192,2,877.4,4,1,1
101,2189,4,2589.89,4,1,2
102,2223,7,2587.01,3,3,2
103,2297,4,895.45,1,1,1
104,2245,7,3112.8,2,3,3
105,2270,4,3475.04,1,1,3
106,2182,3,2513.69,4,1,2
107,2262,4,2343.97,2,1,2
108,2191,3,2557.42,4,1,2
109,2189,10,4430.66,4,4,4
110,2195,7,2621.55,4,3,2
111,2328,4,3014.53,1,1,3
112,2228,6,5742.19,2,3,4
113,2356,6,2329.49,1,3,2
114,2251,4,2195.26,2,1,2
115,2195,8,3135.87,4,4,3
116,2193,8,2447.54,4,4,2
117,2186,10,6917.34,4,4,4
118,2250,5,3550.1,2,2,3
119,2211,4,4217.24,3,1,4
120,2310,2,869.32,1,1,1
121,2292,4,2892.09,1,1,3
122,2189,5,2695.22,4,2,2
123,2372,4,3245.75,1,1,3
124,2183,7,4054.25,4,3,3
125,2264,10,3345.01,2,4,3
126,2192,3,1096.46,4,1,1
127,2204,10,3993.71,3,4,3
128,2318,4,2193.06,1,1,2
129,2359,4,2753.75,1,1,2
130,2257,2,1779.58,2,1,1
131,2386,6,5494.91,1,3,4
132,2188,6,2780.72,4,3,2
133,2207,5,803.89,3,2,1
134,2195,6,2946.42,4,3,3
135,2296,7,4549.5,1,3,4
136,2201,8,3543.2,3,4,3
137,2208,5,1496.45,3,2,1
138,2245,7,3377.12,2,3,3
139,2207,9,5161.44,3,4,4
140,2184,6,2699.9,4,3,2
141,2340,3,2138.35,1,1,2
142,2185,11,3917.34,4,4,3
143,2194,4,2474.77,4,1,2
144,2187,8,4888.02,4,4,4
145,2209,7,3140.3,3,3,3
146,2375,2,217.06,1,1,1
147,2215,6,5034.16,3,3,4
148,2224,5,3268.4,3,2,3
149,2199,4,1680.66,4,1,1
150,2256,4,2446.51,2,1,2
151,2181,7,5665.41,4,3,4
152,2339,2,1966.88,1,1,2
153,2245,7,5522.51,2,3,4
154,2204,5,683.63,3,2,1
155,2189,3,1088.42,4,1,1
156,2197,5,3095.37,4,2,3
157,2316,3,294.01,1,1,1
158,2246,6,4627.35,2,3,4
159,2247,6,2935.37,2,3,3
160,2274,2,2614.16,1,1,2
161,2340,1,459.46,1,1,1
162,2279,3,1329.61,1,1,1
163,2295,2,1101.28,1,1,1
164,2379,3,786.14,1,1,1
165,2189,8,6107.04,4,4,4
166,2244,7,4063.66,2,3,3
167,2195,9,5993.34,4,4,4
168,2317,8,5800.6,1,4,4
169,2242,3,696.26,2,1,1
170,2415,3,1779.68,1,1,1
171,2199,8,4833.14,4,4,4
172,2192,7,2348.66,4,3,2
173,2196,9,6549.51,4,4,4
174,2192,10,7628.24,4,4,4
175,2245,5,2170.54,2,2,2
176,2203,4,3025.56,3,1,3
177,2218,12,4108.6,3,4,3
178,2213,4,2184.58,3,1,2
179,2221,3,1814.59,3,1,2
180,2192,7,4065.35,4,3,3
181,2231,5,2365.24,2,2,2
182,2194,7,5409.12,4,3,4
183,2283,6,3187.84,1,3,3
184,2213,3,2181.35,3,1,2
185,2189,7,3547.68,4,3,3
186,2204,6,2166.17,3,3,2
187,2195,7,3014.88,4,3,3
188,2196,6,2658.87,4,3,2
189,2184,5,5329.98,4,2,4
190,2210,4,704.28,3,1,1
191,2286,1,834.94,1,1,1
192,2260,4,1519.47,2,1,1
193,2205,5,2551.5,3,2,2
194,2289,3,2608.28,1,1,2
195,2181,7,9633.41,4,3,4
196,2327,8,3738,1,4,3
197,2208,9,3651.71,3,4,3
198,2239,9,6631.87,2,4,4
199,2196,4,2650.53,4,1,2
200,2188,9,7283.86,4,4,4
201,2209,8,4369.02,3,4,4
202,2199,3,1295.91,4,1,1
203,2192,5,1481.12,4,2,1
204,2208,8,6287.29,3,4,4
205,2233,9,2008.27,2,4,2
206,2258,4,3816.65,2,1,3
207,2471,2,1430.93,1,1,1
208,2208,5,3342.02,3,2,3
209,2288,5,3081.07,1,2,3
210,2203,6,2957.03,3,3,3
211,2220,9,4090.05,3,4,3
212,2368,2,1790.41,1,1,1
213,2209,10,7534.48,3,4,4
214,2237,5,1595.73,2,2,1
215,2184,8,3889.39,4,4,3
216,2197,4,2152.05,4,1,2
217,2185,7,2118.18,4,3,2
218,2195,4,1476.17,4,1,1
219,2221,6,1688.33,3,3,1
220,2196,6,4304.11,4,3,4
221,2199,6,3865.68,4,3,3
222,2201,2,1428.06,3,1,1
223,2233,6,4082.09,2,3,3
224,2182,6,3692.09,4,3,3
225,2218,3,1587.55,3,1,1
226,2297,2,1173.86,1,1,1
227,2207,5,3906.03,3,2,3
228,2258,5,3719.75,2,2,3
229,2241,5,1811.84,2,2,2
230,2217,11,5319.63,3,4,4
231,2226,4,2344.52,3,1,2
232,2322,6,3157.59,1,3,3
233,2198,6,2187.09,4,3,2
234,2192,9,5763.13,4,4,4
235,2183,11,4685.82,4,4,4
236,2187,4,2434.64,4,1,2
237,2207,8,3635.04,3,4,3
238,2288,5,3112.57,1,2,3
239,2182,9,5928.23,4,4,4
240,2269,6,2338.21,1,3,2
241,2228,4,1922.82,2,1,2
242,2312,7,2558.7,1,3,2
243,2255,5,2193.55,2,2,2
244,2375,3,3269.2,1,1,3
245,2193,5,2213.02,4,2,2
246,2208,9,3174.16,3,4,3
247,2293,7,4913.16,1,3,4
248,2315,7,3193.32,1,3,3
249,2228,9,2236.13,2,4,2
250,2212,6,2963.23,3,3,3
251,2219,4,1210,3,1,1
252,2243,5,2597.64,2,2,2
253,2198,5,1191.29,4,2,1
254,2222,7,6780.95,3,3,4
255,2238,11,6813.82,2,4,4
256,2181,5,1728.66,4,2,1
257,2273,5,3650.53,1,2,3
258,2199,5,1642.58,4,2,1
259,2208,4,2124.65,3,1,2
260,2189,9,3381.41,4,4,3
261,2231,9,4033.15,2,4,3
262,2191,5,2117.86,4,2,2
263,2227,7,3476.94,2,3,3
264,2229,4,1025.3,2,1,1
265,2260,4,2692.91,2,1,2
266,2213,4,1742.83,3,1,1
267,2311,4,2337.99,1,1,2
268,2250,4,2713.19,2,1,2
269,2349,5,1668.85,1,2,1
270,2188,7,4625.21,4,3,4
271,2383,2,1026.27,1,1,1
272,2272,7,3842.07,1,3,3
273,2209,10,6519.24,3,4,4
274,2330,4,790.06,1,1,1
275,2313,6,4126.6,1,3,4
276,2184,6,1107.95,4,3,1
277,2202,3,1757.29,3,1,1
278,2429,1,827.16,1,1,1
279,2195,6,2455.93,4,3,2
280,2224,10,6304.71,3,4,4
281,2190,4,2233.67,4,1,2
282,2250,2,624.15,2,1,1
283,2272,5,4792.79,1,2,4
284,2314,5,3251.42,1,2,3
285,2188,6,2626.74,4,3,2
286,2318,4,1954.7,1,1,2
287,2319,1,1408.91,1,1,1
288,2225,4,1808.73,3,1,2
289,2225,9,3924.11,3,4,3
290,2192,5,3368.28,4,2,3
291,2221,2,605.01,3,1,1
292,2239,7,3631.6,2,3,3
293,2191,5,1991.93,4,2,2
294,2296,7,5509.67,1,3,4
295,2215,7,4539.9,3,3,4
296,2189,3,2515.29,4,1,2
297,2189,4,3599.18,4,1,3
298,2189,9,4382.48,4,4,4
299,2273,7,6897.92,1,3,4
300,2337,5,3475.9,1,2,3
301,2274,2,89.71,1,1,1
302,2457,1,182.81,1,1,1
303,2224,3,3247.08,3,1,3
304,2261,9,2785.04,2,4,2
305,2214,6,2229.28,3,3,2
306,2304,2,239.35,1,1,1
307,2196,9,3660.95,4,4,3
308,2206,6,4086.21,3,3,3
309,2190,4,2208.58,4,1,2
310,2189,7,4744.19,4,3,4
311,2242,6,4054.48,2,3,3
312,2194,5,4570.38,4,2,4
313,2198,6,3186.63,4,3,3
314,2201,8,3200.15,3,4,3
315,2208,9,2200.11,3,4,2
316,2192,4,2158.71,4,1,2
317,2261,4,2766.27,2,1,2
318,2190,7,3632.18,4,3,3
319,2252,5,3955.91,2,2,3
320,2193,10,7204.66,4,4,4
321,2193,5,2006.18,4,2,2
322,2182,11,10336.77,4,4,4
323,2216,6,2020.73,3,3,2
324,2202,5,1779.7,3,2,1
325,2314,6,4465.08,1,3,4
326,2342,3,1201.25,1,1,1
327,2197,5,3498.63,4,2,3
328,2185,8,2357.8,4,4,2
329,2215,6,3618.01,3,3,3
330,2288,6,5296.8,1,3,4
331,2263,6,4404.67,2,3,4
332,2444,2,239.35,1,1,1
333,2203,6,3186.72,3,3,3
334,2237,6,2127.59,2,3,2
335,2205,2,456.99,3,1,1
336,2263,5,2598.16,2,2,2
337,2218,6,3388.82,3,3,3
338,2191,7,2343.71,4,3,2
339,2239,5,4327.24,2,2,4
340,2211,8,2781.36,3,4,2
341,2315,2,955.08,1,1,1
342,2274,3,468.86,1,1,1
343,2284,9,5193.56,1,4,4
344,2189,9,8101.26,4,4,4
345,2200,7,3971.46,3,3,3
346,2193,9,6420.7,4,4,4
347,2240,7,8326.37,2,3,4
348,2306,6,2071.99,1,3,2
349,2347,5,1669.26,1,2,1
350,2185,6,1008.71,4,3,1
351,2192,2,1438.62,4,1,1
352,2206,6,4404.4,3,3,4
353,2204,11,6792.83,3,4,4
354,2248,6,3101.72,2,3,3
355,2226,5,2662.75,3,2,2
356,2242,5,2358,2,2,2
357,2196,8,4455.49,4,4,4
358,2251,2,1405.99,2,1,1
359,2189,10,2921.76,4,4,3
360,2189,5,5070.23,4,2,4
361,2327,7,3428.15,1,3,3
362,2270,4,463.02,1,1,1
363,2195,6,9458.17,4,3,4
364,2192,6,3329.97,4,3,3
365,2231,7,4724.04,2,3,4
366,2296,6,2692.7,1,3,2
367,2224,5,2022.2,3,2,2
368,2194,9,3939.73,4,4,3
369,2282,8,3931.77,1,4,3
370,2292,7,3290.26,1,3,3
371,2190,5,5004.52,4,2,4
372,2212,8,2598.13,3,4,2
373,2404,1,1103.43,1,1,1
374,2194,6,5271.75,4,3,4
375,2272,4,488,1,1,1
376,2224,3,368.17,3,1,1
377,2187,11,4124.42,4,4,4
378,2305,7,3236.32,1,3,3
379,2326,2,640.93,1,1,1
380,2216,8,6196.16,3,4,4
381,2183,8,4534.24,4,4,4
382,2216,7,1657.45,3,3,1
383,2232,3,987.49,2,1,1
384,2266,5,2917.59,2,2,3
385,2259,9,5220.52,2,4,4
386,2247,5,2415.97,2,2,2
387,2212,3,3417.78,3,1,3
388,2236,3,1834.03,2,1,2
389,2294,6,2123.26,1,3,2
390,2257,5,869.56,2,2,1
391,2237,4,1315.06,2,1,1
392,2282,7,5025.31,1,3,4
393,2327,2,866.58,1,1,1
394,2226,8,5445.46,3,4,4
395,2211,6,3528.19,3,3,3
396,2210,6,4647.13,3,3,4
397,2226,5,2618,3,2,2
398,2193,6,795.14,4,3,1
399,2230,6,5020.5,2,3,4
400,2315,5,2688.92,1,2,2
401,2210,7,3643.03,3,3,3
402,2237,6,4965.43,2,3,4
403,2237,5,2358.26,2,2,2
404,2199,8,4874.55,4,4,4
405,2195,6,3338.34,4,3,3
406,2287,5,3445.01,1,2,3
407,2190,9,4096.06,4,4,3
408,2198,5,3082.28,4,2,3
409,2194,4,2267.84,4,1,2
410,2187,7,2177.93,4,3,2
411,2368,5,2553.83,1,2,2
412,2208,3,1055.03,3,1,1
413,2348,5,3822.8,1,2,3
414,2228,6,2304.56,2,3,2
415,2429,2,1490.77,1,1,1
416,2269,5,3085.98,1,2,3
417,2251,7,3807.64,2,3,3
418,2209,6,3325.13,3,3,3
419,2195,7,5027.37,4,3,4
420,2240,10,3652.17,2,4,3
421,2237,6,3952.15,2,3,3
422,2314,4,2390.84,1,1,2
423,2322,5,1589.82,1,2,1
424,2255,7,4525.19,2,3,4
425,2206,7,7388.6,3,3,4
426,2240,8,5302.9,2,4,4
427,2290,4,2515.68,1,1,2
428,2232,8,3355.11,2,4,3
429,2199,8,3652.26,4,4,3
430,2246,6,5625.17,2,3,4
431,2319,1,1215.34,1,1,1
432,2202,8,5110.17,3,4,4
433,2196,9,3754.16,4,4,3
434,2478,2,1027.89,1,1,1
435,2283,4,4727.75,1,1,4
436,2231,3,2124.71,2,1,2
437,2229,6,3045.6,2,3,3
438,2232,8,7692.39,2,4,4
439,2280,5,2621.23,1,2,2
440,2192,8,2481.19,4,4,2
441,2243,3,1750.76,2,1,1
442,2194,7,2789.25,4,3,2
443,2386,6,3171.14,1,3,3
444,2226,7,3807.46,3,3,3
445,2205,11,8081.86,3,4,4
446,2233,8,5363.3,2,4,4
447,2181,5,2690.73,4,2,2
448,2369,4,2413.08,1,1,2
449,2314,6,3292.4,1,3,3
450,2263,4,3178.3,2,1,3
451,2247,6,2560.37,2,3,2
452,2205,5,1561.59,3,2,1
453,2222,8,2292.05,3,4,2
454,2230,7,4738.75,2,3,4
455,2248,3,1600.9,2,1,1
456,2269,5,2183.1,1,2,2
457,2296,5,3680.34,1,2,3
458,2207,5,1247.24,3,2,1
459,2219,5,2402.4,3,2,2
460,2257,3,1862.01,2,1,2
461,2201,8,5722.38,3,4,4
462,2323,6,3600.26,1,3,3
463,2240,7,3829.7,2,3,3
464,2190,6,2102.99,4,3,2
465,2185,6,3488.79,4,3,3
466,2221,7,2813.66,3,3,3
467,2350,6,3850.32,1,3,3
468,2275,6,4063.59,1,3,3
469,2282,10,4177.21,1,4,4
470,2190,7,1890.57,4,3,2
471,2229,6,3918.11,2,3,3
472,2230,5,3309.79,2,2,3
473,2296,9,8364.66,1,4,4
474,2278,2,1520.73,1,1,1
475,2205,7,2907.28,3,3,3
476,2190,4,1353.61,4,1,1
477,2216,5,3375.06,3,2,3
478,2184,9,3320.21,4,4,3
479,2257,9,3335.2,2,4,3
480,2198,2,644.02,4,1,1
481,2195,2,1617.21,4,1,1
482,2256,10,5887.2,2,4,4
483,2221,7,2307.78,3,3,2
484,2200,5,1704.78,3,2,1
485,2195,6,2715.28,4,3,2
486,2272,5,4915.77,1,2,4
487,2320,2,687.51,1,1,1
488,2208,7,1172.1,3,3,1
489,2305,5,2073.68,1,2,2
490,2234,9,4593.01,2,4,4
491,2249,7,2735.71,2,3,2
492,2270,4,2707.9,1,1,2
493,2256,3,151.94,2,1,1
494,2314,3,894.99,1,1,1
495,2309,6,4087.04,1,3,3
496,2226,4,1310.77,3,1,1
497,2240,4,1061.48,2,1,1
498,2188,7,4982.41,4,3,4
499,2236,11,4043.58,2,4,3
500,2205,8,3977.81,3,4,3
501,2363,3,1264.13,1,1,1
502,2347,4,2508.81,1,1,2
503,2264,3,1280.64,2,1,1
504,2317,8,2714.76,1,4,2
505,2195,5,3369.47,4,2,3
506,2237,10,6985.24,2,4,4
507,2217,7,4290.77,3,3,4
508,2336,4,2587.54,1,1,2
509,2270,6,4389.73,1,3,4
510,2240,2,1694.59,2,1,1
511,2192,5,2782.88,4,2,2
512,2276,4,1136.34,1,1,1
513,2195,5,4222.14,4,2,4
514,2304,5,2144.29,1,2,2
515,2195,8,5916.69,4,4,4
516,2200,10,4722.21,3,4,4
517,2191,6,2632.16,4,3,2
518,2442,3,938.25,1,1,1
519,2236,4,2326.39,2,1,2
520,2197,5,819.26,4,2,1
521,2335,2,624.9,1,1,1
522,2222,4,1663.83,3,1,1
523,2199,6,2795.77,4,3,2
524,2319,7,2024.53,1,3,2
525,2300,8,3584.83,1,4,3
526,2335,3,1111.55,1,1,1
527,2224,2,1694.76,3,1,1
528,2315,7,4175.15,1,3,4
529,2193,6,2339.14,4,3,2
530,2343,3,1751.35,1,1,1
531,2242,5,1761.46,2,2,1
532,2209,5,2963.81,3,2,3
533,2183,6,5387.05,4,3,4
534,2187,8,4809.95,4,4,4
535,2254,2,1261.57,2,1,1
536,2213,3,2832.06,3,1,3
537,2230,3,825.73,2,1,1
538,2185,7,6447.15,4,3,4
539,2217,8,1676.43,3,4,1
540,2260,6,1821.03,2,3,2
541,2318,5,2755.28,1,2,2
542,2219,6,2098.52,3,3,2
543,2181,5,1924.15,4,2,2
544,2354,4,2246.42,1,1,2
545,2187,6,5665.79,4,3,4
546,2218,5,4449.53,3,2,4
547,2255,6,2901.19,2,3,3
548,2191,7,4223.29,4,3,4
549,2221,8,3751.75,3,4,3
550,2195,5,1437.72,4,2,1
551,2333,4,2850,1,1,3
552,2340,4,1577.7,1,1,1
553,2200,6,2566.27,3,3,2
554,2219,3,1670.67,3,1,1
555,2346,4,3505.63,1,1,3
556,2190,5,3985.03,4,2,3
557,2362,2,830.31,1,1,1
558,2216,6,3368.76,3,3,3
559,2187,4,1824.48,4,1,2
560,2222,6,3583.46,3,3,3
561,2209,6,2891.59,3,3,3
562,2217,5,2125.01,3,2,2
563,2214,7,1931.13,3,3,2
564,2192,6,2143.39,4,3,2
565,2285,10,7079.07,1,4,4
566,2233,3,2145.56,2,1,2
567,2241,4,439.57,2,1,1
568,2272,7,1258.1,1,3,1
569,2279,4,6084.14,1,1,4
570,2216,6,3446.07,3,3,3
571,2253,3,2284.98,2,1,2
572,2194,6,2600.44,4,3,2
573,2286,2,1618.83,1,1,1
574,2458,4,2172.41,1,1,2
575,2429,2,714.24,1,1,1
576,2188,6,4580.35,4,3,4
577,2183,11,4242.34,4,4,4
578,2380,7,2754.81,1,3,2
579,2233,9,4204.6,2,4,4
580,2205,5,2185.51,3,2,2
581,2234,4,2223.55,2,1,2
582,2330,4,2744.6,1,1,2
583,2212,4,2258.19,3,1,2
584,2313,4,1270.21,1,1,1
585,2278,6,2174.5,1,3,2
586,2271,3,2562.47,1,1,2
587,2234,6,3293.38,2,3,3
588,2200,5,3603.85,3,2,3
589,2191,3,1397.9,4,1,1
590,2224,11,6119.6,3,4,4
591,2402,2,484.96,1,1,1
592,2380,4,1071.53,1,1,1
593,2182,6,3493.8,4,3,3
594,2214,9,6630.72,3,4,4
595,2365,3,2011.16,1,1,2
596,2266,3,3836.34,2,1,3
597,2242,5,1830.39,2,2,2
598,2312,7,3535.56,1,3,3
599,2296,5,4319.14,1,2,4
600,2387,3,1854.78,1,1,2
601,2239,5,1423.44,2,2,1
602,2258,5,2568.76,2,2,2
603,2230,7,3148.1,2,3,3
604,2250,6,4661.96,2,3,4
605,2183,8,5025.64,4,4,4
606,2236,6,2488.53,2,3,2
607,2239,10,7137.62,2,4,4
608,2266,8,4050.11,2,4,3
609,2217,4,2168.73,3,1,2
610,2227,9,3399.91,2,4,3
611,2184,8,3500.44,4,4,3
612,2182,4,2074.34,4,1,2
613,2184,6,2098.59,4,3,2
614,2199,9,6120.46,4,4,4
615,2223,4,3620.88,3,1,3
616,2273,4,1696,1,1,1
617,2201,4,2313.43,3,1,2
618,2489,2,1202.39,1,1,1
619,2246,7,3378.35,2,3,3
620,2284,8,1981.3,1,4,2
621,2183,9,6126.81,4,4,4
622,2447,3,1627.69,1,1,1
623,2274,3,1636.89,1,1,1
624,2271,3,3352.89,1,1,3
625,2197,6,2326.08,4,3,2
626,2235,9,3437.37,2,4,3
627,2239,5,4597.27,2,2,4
628,2235,5,1313.86,2,2,1
629,2245,8,2245.43,2,4,2
630,2234,7,3717.21,2,3,3
631,2197,6,1767.39,4,3,1
632,2222,3,1726.61,3,1,1
633,2182,7,3328.45,4,3,3
634,2198,7,2853.18,4,3,3
635,2220,6,1220.61,3,3,1
636,2200,7,4418.9,3,3,4
637,2188,13,5402.47,4,4,4
638,2241,8,3507.13,2,4,3
639,2189,6,2516.35,4,3,2
640,2191,8,4278.6,4,4,4
641,2383,4,2456.51,1,1,2
642,2205,7,2724.29,3,3,2
643,2378,4,2308.04,1,1,2
644,2338,3,550,1,1,1
645,2297,7,5192.72,1,3,4
646,2291,4,2533.41,1,1,2
647,2223,9,5279.19,3,4,4
648,2238,7,4222.63,2,3,4
649,2192,5,263.54,4,2,1
650,2231,6,2904.69,2,3,3
651,2199,3,3473.32,4,1,3
652,2186,9,2488.9,4,4,2
653,2218,5,2623.84,3,2,2
654,2209,3,1374.9,3,1,1
655,2232,6,5753.88,2,3,4
656,2191,8,3749.56,4,4,3
657,2257,6,2729,2,3,2
658,2278,5,2596.17,1,2,2
659,2327,3,2481.28,1,1,2
660,2193,4,3839.45,4,1,3
661,2215,6,3308.09,3,3,3
662,2267,7,3873,2,3,3
663,2254,4,2132.79,2,1,2
664,2265,4,1036.09,2,1,1
665,2266,7,5204.2,2,3,4
666,2222,5,2459.76,3,2,2
667,2200,5,3802.78,3,2,3
668,2187,7,4375.98,4,3,4
669,2189,11,5513.28,4,4,4
670,2297,4,1542.17,1,1,1
671,2243,6,5393.05,2,3,4
672,2231,3,3633.14,2,1,3
673,2183,5,2058.7,4,2,2
674,2296,6,3008.86,1,3,3
675,2181,3,1396.62,4,1,1
676,2214,6,2894.85,3,3,3
677,2252,5,940.36,2,2,1
678,2275,3,1606.99,1,1,1
679,2243,10,3551.24,2,4,3
680,2195,4,3291.43,4,1,3
681,2188,6,2244.19,4,3,2
682,2201,7,5428.94,3,3,4
683,2196,5,1478.67,4,2,1
684,2223,8,2431.6,3,4,2
685,2283,6,5218.2,1,3,4
686,2218,5,2073.81,3,2,2
687,2189,6,812.72,4,3,1
688,2262,4,2967.8,2,1,3
689,2193,3,541.33,4,1,1
690,2245,5,2848.24,2,2,3
691,2220,8,5678.4,3,4,4
692,2231,9,5027.49,2,4,4
693,2191,5,3763.92,4,2,3
694,2188,5,2400.83,4,2,2
695,2197,8,4659,4,4,4
696,2202,6,1879.14,3,3,2
697,2192,4,3996.6,4,1,3
698,2257,3,1295.96,2,1,1
699,2236,3,976.24,2,1,1
700,2287,8,4618.11,1,4,4
701,2213,6,2215.56,3,3,2
702,2243,3,1905.88,2,1,2
703,2182,5,4928.8,4,2,4
704,2191,10,4034.46,4,4,3
705,2192,4,502.12,4,1,1
706,2211,6,7109.4,3,3,4
707,2225,6,3368.2,3,3,3
708,2356,3,2145.83,1,1,2
709,2327,5,3243.3,1,2,3
710,2220,6,5201.39,3,3,4
711,2264,4,2685.62,2,1,2
712,2242,8,4581.46,2,4,4
713,2436,4,1891.1,1,1,2
714,2240,9,3588.63,2,4,3
715,2339,3,2410.24,1,1,2
716,2193,6,3777.53,4,3,3
717,2195,6,1857.27,4,3,2
718,2215,8,2164.08,3,4,2
719,2192,8,4227.84,4,4,4
720,2201,10,7212.17,3,4,4
721,2185,7,6579.62,4,3,4
722,2268,5,2934.44,2,2,3
723,2196,8,3489.96,4,4,3
724,2204,8,5073.27,3,4,4
725,2184,11,7321.5,4,4,4
726,2235,3,2965.76,2,1,3
727,2242,6,3970.03,2,3,3
728,2206,9,6411.76,3,4,4
729,2182,9,8953.17,4,4,4
730,2195,7,3182.99,4,3,3
731,2315,4,2654.27,1,1,2
732,2245,5,3269.12,2,2,3
733,2227,10,8210.3,2,4,4
734,2270,3,1140.15,1,1,1
735,2268,4,3025.33,2,1,3
736,2192,5,4107.89,4,2,3
737,2235,7,4480.09,2,3,4
738,2250,8,4706.86,2,4,4
739,2182,10,4842.2,4,4,4
740,2242,4,2083.73,2,1,2
741,2329,5,1091.14,1,2,1
742,2191,6,1246.11,4,3,1
743,2270,4,3908.8,1,1,3
744,2204,5,1267.68,3,2,1
745,2192,4,2066.03,4,1,2
746,2224,6,1779.16,3,3,1
747,2216,2,571.38,3,1,1
748,2227,9,3516,2,4,3
749,2261,9,1830.72,2,4,2
750,2239,6,5391.71,2,3,4
751,2311,2,96.62,1,1,1
752,2201,8,2952.01,3,4,3
754,2391,2,93.01,1,1,1
755,2276,3,847.22,1,1,1
756,2206,6,2121.61,3,3,2
757,2253,5,2946.73,2,2,3
758,2208,2,165.58,3,1,1
759,2204,8,2646.67,3,4,2
760,2207,9,4847.05,3,4,4
761,2326,5,1896.39,1,2,2
762,2266,5,2347.98,2,2,2
763,2255,6,3894.51,2,3,3
764,2260,3,1364.06,2,1,1
765,2205,10,5070.62,3,4,4
766,2197,6,2271.93,4,3,2
767,2223,5,2438.84,3,2,2
768,2186,9,5580.57,4,4,4
769,2200,8,5070.24,3,4,4
770,2230,6,4457.48,2,3,4
771,2305,6,3155.81,1,3,3
772,2183,6,4423.8,4,3,4
773,2253,8,5907.35,2,4,4
774,2324,1,144.26,1,1,1
775,2239,7,2862.33,2,3,3
776,2194,9,2201.86,4,4,2
777,2208,6,3184.33,3,3,3
778,2444,3,698.81,1,1,1
779,2263,4,1186.41,2,1,1
780,2269,3,798.62,1,1,1
781,2306,5,2256.31,1,2,2
782,2206,6,3627.17,3,3,3
783,2277,5,3498.86,1,2,3
784,2324,2,304.07,1,1,1
785,2199,6,1813.12,4,3,2
786,2190,7,3828.74,4,3,3
787,2256,10,6646,2,4,4
788,2220,5,2415.09,3,2,2
789,2185,8,2892.76,4,4,3
790,2195,8,4889.11,4,4,4
791,2304,6,3819,1,3,3
792,2198,6,3295.65,4,3,3
793,2182,10,4778.33,4,4,4
794,2203,7,4248.67,3,3,4
795,2199,5,2785.98,4,2,2
796,2187,7,3815.93,4,3,3
797,2202,4,2277.96,3,1,2
798,2202,3,1691.81,3,1,1
799,2191,11,7142.2,4,4,4
800,2266,6,3239.48,2,3,3
801,2363,2,254.63,1,1,1
802,2276,6,2893.2,1,3,3
803,2247,6,1746.55,2,3,1
804,2222,3,3065.9,3,1,3
805,2303,6,2795.75,1,3,2
806,2212,4,2189.57,3,1,2
807,2261,4,2491.13,2,1,2
808,2304,3,2119.72,1,1,2
809,2226,4,492.74,3,1,1
810,2249,4,945.16,2,1,1
811,2355,3,496.62,1,1,1
812,2378,2,566.34,1,1,1
813,2231,5,1633.61,2,2,1
814,2229,3,2154.13,2,1,2
815,2208,6,5081.3,3,3,4
816,2234,3,945.85,2,1,1
817,2197,5,2328.93,4,2,2
818,2221,6,3028.84,3,3,3
819,2224,5,2558.04,3,2,2
820,2184,9,4381.48,4,4,4
821,2214,5,2925.75,3,2,3
822,2509,1,802.26,1,1,1
823,2204,6,5811.3,3,3,4
824,2190,4,4137.78,4,1,4
825,2191,6,1352.35,4,3,1
826,2185,4,1454.61,4,1,1
827,2230,8,4014.42,2,4,3
828,2260,5,1378.39,2,2,1
829,2193,6,4600.24,4,3,4
830,2330,6,2506.27,1,3,2
831,2192,5,1883.59,4,2,2
832,2198,11,8366.15,4,4,4
833,2206,8,4776.1,3,4,4
834,2199,4,722.3,4,1,1
835,2188,8,3225.92,4,4,3
836,2253,4,1768.44,2,1,1
837,2338,3,1335.81,1,1,1
838,2222,4,1966.08,3,1,2
839,2287,4,826.26,1,1,1
840,2219,6,3320.09,3,3,3
841,2331,7,8330.09,1,3,4
842,2236,3,1727.32,2,1,1
843,2183,6,2372.09,4,3,2
844,2212,9,4730.32,3,4,4
845,2278,4,1314.03,1,1,1
846,2263,3,2129.34,2,1,2
847,2295,4,2521.58,1,1,2
848,2321,4,1964.52,1,1,2
849,2208,6,4284.21,3,3,4
850,2215,8,2838.72,3,4,3
851,2190,4,3245.12,4,1,3
853,2245,9,7263.66,2,4,4
854,2189,4,2074.13,4,1,2
855,2285,4,3050.76,1,1,3
856,2182,7,2912.65,4,3,3
857,2205,5,3721.92,3,2,3
858,2192,6,2708.6,4,3,2
859,2199,6,2289.06,4,3,2
860,2272,4,3530.12,1,1,3
861,2235,5,1009.34,2,2,1
862,2235,1,309.81,2,1,1
863,2250,4,703.62,2,1,1
864,2227,6,4499.38,2,3,4
865,2302,7,4261,1,3,4
866,2279,5,4753.84,1,2,4
867,2474,5,4295.02,1,2,4
868,2264,6,5534.83,2,3,4
870,2281,7,3818.97,1,3,3
871,2235,8,3502.86,2,4,3
872,2352,1,75.48,1,1,1
873,2212,5,3226.46,3,2,3
874,2227,8,2786.56,2,4,2
875,2244,6,4796.96,2,3,4
876,2197,3,1171.02,4,1,1
877,2198,9,4918.87,4,4,4
878,2260,3,2809.75,2,1,3
879,2257,4,852.5,2,1,1
880,2243,3,1751.72,2,1,1
881,2328,3,2481.43,1,1,2
882,2293,5,4571.93,1,2,4
883,2228,4,705.35,2,1,1
884,2182,5,2770.85,4,2,2
885,2188,3,863.68,4,1,1
886,2182,7,4067.65,4,3,3
887,2220,8,5247.44,3,4,4
888,2249,5,2278.7,2,2,2
889,2217,5,2357.69,3,2,2
890,2346,4,1561.06,1,1,1
891,2193,5,2197.68,4,2,2
892,2271,10,3941.7,1,4,3
893,2256,7,4868.87,2,3,4
894,2229,8,3564.27,2,4,3
895,2242,3,1867.17,2,1,2
896,2219,4,1669.89,3,1,1
897,2310,6,4080.84,1,3,3
898,2386,1,179.44,1,1,1
899,2230,6,1274.48,2,3,1
900,2193,4,780.7,4,1,1
901,2263,4,3812.88,2,1,3
902,2195,9,6003.05,4,4,4
903,2197,9,3401.85,4,4,3
904,2218,4,1496.79,3,1,1
905,2286,8,3553.28,1,4,3
906,2197,9,4473.87,4,4,4
907,2207,7,1370.37,3,3,1
908,2185,7,2880.1,4,3,3
909,2370,5,5289.22,1,2,4
910,2453,2,1346.38,1,1,1
911,2237,5,633.35,2,2,1
912,2221,7,4164.21,3,3,4
913,2294,3,2426.34,1,1,2
914,2287,5,2530.93,1,2,2
915,2209,5,1260.13,3,2,1
916,2217,4,3465.07,3,1,3
917,2216,8,5392.89,3,4,4
918,2197,5,4066.24,4,2,3
919,2261,9,4458.89,2,4,4
920,2271,6,4144.19,1,3,4
921,2225,7,6285.75,3,3,4
922,2369,1,41.13,1,1,1
923,2213,7,3337.16,3,3,3
924,2290,8,3479.51,1,4,3
925,2193,9,4371.16,4,4,4
926,2193,6,1414.17,4,3,1
927,2476,3,1982.12,1,1,2
928,2192,8,2798.72,4,4,3
929,2237,5,2540.35,2,2,2
930,2328,2,150.89,1,1,1
931,2251,5,2890.06,2,2,3
932,2184,6,2121.73,4,3,2
933,2181,5,2817.63,4,2,3
934,2181,7,4689.76,4,3,4
935,2234,7,5502.11,2,3,4
936,2213,11,8661.63,3,4,4
937,2196,5,2680.15,4,2,2
938,2242,9,4819.03,2,4,4
939,2212,4,1818.27,3,1,2
940,2233,5,3256.14,2,2,3
941,2214,10,11668.95,3,4,4
942,2394,2,1859.17,1,1,2
943,2293,6,5300.95,1,3,4
944,2314,7,1934.04,1,3,2
945,2195,7,3812.27,4,3,3
946,2183,8,6305.6,4,4,4
947,2261,5,2981.52,2,2,3
948,2281,3,1422.85,1,1,1
949,2269,6,3644.49,1,3,3
950,2213,7,3609.09,3,3,3
951,2187,6,1740.61,4,3,1
952,2227,5,3569.98,2,2,3
953,2192,9,5191.52,4,4,4
954,2294,4,3624,1,1,3
955,2194,7,1429.36,4,3,1
956,2354,3,936.98,1,1,1
957,2219,5,2632.09,3,2,2
958,2215,6,2183.71,3,3,2
959,2257,6,2178.44,2,3,2
960,2259,4,3516.37,2,1,3
961,2245,3,1035.31,2,1,1
962,2183,7,2344,4,3,2
963,2241,12,4779.13,2,4,4
964,2182,5,2018.6,4,2,2
965,2241,4,3867.74,2,1,3
966,2194,4,527.74,4,1,1
967,2247,4,3798.35,2,1,3
968,2216,6,4223.16,3,3,4
969,2198,5,2793.05,4,2,2
970,2214,5,2840.81,3,2,3
971,2229,5,4015.78,2,2,3
972,2356,2,2159,1,1,2
973,2189,8,6639.85,4,4,4
974,2187,6,3250.13,4,3,3
975,2191,8,3962.88,4,4,3
976,2351,6,3830.68,1,3,3
977,2222,5,2449.15,3,2,2
978,2373,5,2890.84,1,2,3
979,2186,5,3756.91,4,2,3
980,2358,4,2640.55,1,1,2
981,2206,7,2867,3,3,3
982,2236,6,943.93,2,3,1
983,2182,8,6710.06,4,4,4
984,2237,8,2294.43,2,4,2
985,2195,4,1690.91,4,1,1
986,2256,8,4272.97,2,4,4
987,2203,8,5180.26,3,4,4
988,2293,2,243.94,1,1,1
989,2206,4,3380.34,3,1,3
990,2192,7,2353.49,4,3,2
991,2328,6,2655.6,1,3,2
992,2384,1,1028.76,1,1,1
993,2181,9,2738.89,4,4,2
994,2223,5,2069.64,3,2,2
995,2192,7,6764.67,4,3,4
996,2244,5,4593.26,2,2,4
997,2240,7,2923.29,2,3,3
998,2502,2,585.45,1,1,1
999,2257,9,8413.66,2,4,4
1000,2181,9,5383.48,4,4,4
1001,2223,7,2884.19,3,3,3
1002,2336,4,2254.56,1,1,2
1003,2228,9,5300.38,2,4,4
1004,2384,6,3600.94,1,3,3
1005,2340,5,4365.25,1,2,4
1006,2218,8,4687.53,3,4,4
1007,2201,6,3468.58,3,3,3
1008,2198,4,2523.53,4,1,2
1009,2235,4,2370.78,2,1,2
1010,2307,3,386.36,1,1,1
1011,2423,3,1399.44,1,1,1
1012,2190,4,2704.39,4,1,2
1013,2276,6,2463.79,1,3,2
1014,2185,7,3933.79,4,3,3
1015,2207,6,2136.87,3,3,2
1016,2247,6,1087.02,2,3,1
1017,2407,3,2858.89,1,1,3
1018,2207,5,2497.8,3,2,2
1019,2223,5,2842.9,3,2,3
1020,2270,4,1531.9,1,1,1
1021,2209,8,5048.26,3,4,4
1022,2264,5,6444.49,2,2,4
1023,2306,2,492.65,1,1,1
1024,2215,8,4560.56,3,4,4
1025,2241,8,1800.12,2,4,2
1026,2210,6,1313.78,3,3,1
1027,2205,6,1449.44,3,3,1
1028,2189,7,7562.68,4,3,4
1029,2211,6,3660.06,3,3,3
1030,2220,8,4698.6,3,4,4
1031,2227,3,1463.88,2,1,1
1032,2211,8,3191.12,3,4,3
1033,2195,8,6836.44,4,4,4
1034,2285,2,1033.56,1,1,1
1035,2194,3,485.46,4,1,1
1036,2343,5,3787,1,2,3
1037,2254,8,2368.44,2,4,2
1038,2193,4,2079.2,4,1,2
1039,2233,7,5259,2,3,4
1040,2342,4,1768.43,1,1,1
1041,2201,4,2292.51,3,1,2
1042,2216,3,2771.37,3,1,2
1043,2335,8,6933.55,1,4,4
1044,2293,5,2205.27,1,2,2
1045,2294,3,2038.58,1,1,2
1046,2233,5,1985.1,2,2,2
1047,2238,7,2026.54,2,3,2
1048,2314,7,2830.94,1,3,3
1049,2213,10,4486.32,3,4,4
1050,2207,6,2535.63,3,3,2
1051,2360,5,1294.69,1,2,1
1052,2181,6,3260.32,4,3,3
1053,2320,3,1566.26,1,1,1
1054,2186,8,3406.16,4,4,3
1055,2387,2,343.24,1,1,1
1056,2205,7,3954.42,3,3,3
1057,2293,3,2488.8,1,1,2
1058,2297,3,759.57,1,1,1
1059,2203,2,1618.83,3,1,1
1060,2368,6,2475.28,1,3,2
1061,2205,6,1137.94,3,3,1
1062,2183,6,4450.85,4,3,4
1063,2227,6,3112.69,2,3,3
1064,2320,3,1398.4,1,1,1
1065,2260,6,2753.32,2,3,2
1066,2347,3,1396.98,1,1,1
1067,2413,2,741.97,1,1,1
1068,2185,14,4841.71,4,4,4
1069,2385,5,1982.69,1,2,2
1070,2181,4,3559.49,4,1,3
1071,2220,6,3359.09,3,3,3
1072,2227,3,2102.32,2,1,2
1073,2198,6,2723.99,4,3,2
1074,2197,8,4053.68,4,4,3
1075,2248,6,2242.12,2,3,2
1076,2190,12,8104.54,4,4,4
1077,2186,6,1658.45,4,3,1
1078,2199,5,899.97,4,2,1
1079,2198,4,2306.99,4,1,2
1080,2228,3,1857.62,2,1,2
1081,2192,5,3227.89,4,2,3
1082,2228,5,2832.7,2,2,3
1083,2447,2,880.99,1,1,1
1084,2185,11,6580.56,4,4,4
1085,2245,4,1081.65,2,1,1
1086,2194,9,4705.65,4,4,4
1087,2195,3,1521.57,4,1,1
1088,2194,6,3595.32,4,3,3
1089,2332,7,2349.29,1,3,2
1090,2252,7,1529.01,2,3,1
1091,2185,10,4183.81,4,4,4
1092,2383,5,1245.27,1,2,1
1093,2280,9,7159.69,1,4,4
1094,2224,7,3632.3,3,3,3
1095,2195,4,4498.34,4,1,4
1096,2236,5,2086.85,2,2,2
1097,2369,3,666.79,1,1,1
1098,2189,8,3879.14,4,4,3
1099,2291,2,183.2,1,1,1
1100,2226,3,1051.23,3,1,1
1101,2294,5,4267.42,1,2,4
1102,2202,8,5025.44,3,4,4
1103,2213,12,7367.88,3,4,4
1104,2192,7,2568.97,4,3,2
1105,2197,2,2712.57,4,1,2
1106,2205,9,5691.61,3,4,4
1107,2229,5,1843.57,2,2,2
1108,2193,4,1338.61,4,1,1
1109,2389,3,683.2,1,1,1
1110,2198,6,4574.1,4,3,4
1111,2201,7,2561.15,3,3,2
1112,2289,3,1217.23,1,1,1
1113,2207,9,6072.48,3,4,4
1114,2245,4,1774.12,2,1,1
1115,2183,9,4631.23,4,4,4
1116,2188,3,4053.92,4,1,3
1117,2317,10,3427.64,1,4,3
1118,2219,4,1858.97,3,1,2
1119,2279,6,4825.85,1,3,4
1120,2182,5,912.94,4,2,1
1121,2188,2,327.07,4,1,1
1122,2207,5,3026.39,3,2,3
1123,2191,5,4235.8,4,2,4
1124,2225,3,2742.04,3,1,2
1125,2210,5,2839.93,3,2,3
1126,2200,4,2135.37,3,1,2
1127,2317,4,2285.05,1,1,2
1128,2207,5,3388.35,3,2,3
1129,2207,13,6790.69,3,4,4
1130,2298,5,3784.98,1,2,3
1131,2234,7,4703.33,2,3,4
1132,2225,8,3203.16,3,4,3
1133,2256,5,4618.8,2,2,4
1134,2184,7,1733.79,4,3,1
1135,2345,3,1758.98,1,1,1
1136,2216,5,3394.1,3,2,3
1137,2186,9,4837.19,4,4,4
1138,2305,6,5174.44,1,3,4
1139,2250,4,1434.57,2,1,1
1140,2187,11,6541.05,4,4,4
1141,2314,5,772.1,1,2,1
1142,2219,4,1841.73,3,1,2
1143,2185,5,3277.77,4,2,3
1144,2198,7,5961.25,4,3,4
1145,2194,2,1172.58,4,1,1
1146,2254,2,1294.4,2,1,1
1147,2346,6,4173.67,1,3,4
1148,2189,3,1689.75,4,1,1
1149,2369,4,2393.31,1,1,2
1150,2284,5,6308.28,1,2,4
1151,2256,5,3449.31,2,2,3
1152,2205,8,4516.14,3,4,4
1153,2198,5,2501.78,4,2,2
1154,2312,6,958.31,1,3,1
1155,2210,7,2332.45,3,3,2
1156,2221,4,2559.66,3,1,2
1157,2266,7,5037.46,2,3,4
1158,2183,7,4888.97,4,3,4
1159,2187,4,2352.28,4,1,2
1160,2344,3,684.52,1,1,1
1161,2193,4,2669.74,4,1,2
1162,2317,4,1675.31,1,1,1
1163,2229,5,1775.01,2,2,1
1164,2334,3,346.89,1,1,1
1165,2191,9,3286.35,4,4,3
1166,2195,6,2539.71,4,3,2
1167,2191,4,2641.93,4,1,2
1168,2240,7,6128.86,2,3,4
1169,2243,7,4318.2,2,3,4
1170,2267,5,3351.7,2,2,3
1171,2215,9,3879.32,3,4,3
1172,2225,5,3329.47,3,2,3
1173,2289,3,348.62,1,1,1
1174,2189,3,1854.13,4,1,2
1175,2399,2,1153.84,1,1,1
1176,2258,4,842.15,2,1,1
1177,2268,8,2447.05,2,4,2
1178,2225,8,5167.23,3,4,4
1179,2188,4,5068.44,4,1,4
1180,2240,4,2305.11,2,1,2
1181,2225,10,4513.06,3,4,4
1182,2186,6,3597.45,4,3,3
1183,2334,5,4140.91,1,2,4
1184,2186,6,4314.89,4,3,4
1185,2190,3,773.81,4,1,1
1186,2214,6,2437.23,3,3,2
1187,2239,3,831.25,2,1,1
1188,2199,2,2299.82,4,1,2
1189,2228,4,1472.66,2,1,1
1190,2187,6,2008.23,4,3,2
1191,2224,8,1339.27,3,4,1
1192,2260,5,1397.38,2,2,1
1193,2217,4,962.22,3,1,1
1194,2209,8,4148.57,3,4,4
1195,2200,5,3463.81,3,2,3
1196,2199,6,1455.38,4,3,1
1197,2188,4,1559.13,4,1,1
1198,2249,6,2323.92,2,3,2
1199,2224,8,2037.32,3,4,2
1200,2260,8,2844.9,2,4,3
1201,2263,3,807.37,2,1,1
1202,2266,2,412.85,2,1,1
1203,2188,1,830.24,4,1,1
1204,2381,1,110.56,1,1,1
1205,2203,7,4962.02,3,3,4
1206,2264,2,889.72,2,1,1
1207,2194,6,1108.2,4,3,1
1208,2258,5,3238.37,2,2,3
1209,2312,2,1809.69,1,1,2
1210,2198,8,4716.72,4,4,4
1211,2415,4,1495.94,1,1,1
1212,2252,3,2331.63,2,1,2
1213,2250,7,5490.29,2,3,4
1214,2204,4,3652.09,3,1,3
1215,2258,8,3118.98,2,4,3
1216,2188,4,2156.72,4,1,2
1217,2191,7,3270.61,4,3,3
1218,2231,6,4540.57,2,3,4
1219,2185,3,2015.72,4,1,2
1220,2247,5,2476.27,2,2,2
1221,2190,7,1500.49,4,3,1
1222,2232,3,667.99,2,1,1
1223,2215,7,1544.81,3,3,1
1224,2228,7,4250.74,2,3,4
1225,2239,4,2078.59,2,1,2
1226,2205,5,937.440000000001,3,2,1
1227,2242,12,4101.86,2,4,3
1228,2313,4,922.34,1,1,1
1229,2200,9,3005.63,3,4,3
1230,2257,2,617.98,2,1,1
1231,2356,2,1718.61,1,1,1
1232,2185,9,5011.9,4,4,4
1233,2195,9,6634.14,4,4,4
1234,2266,7,2048.65,2,3,2
1235,2262,3,3476.16,2,1,3
1236,2222,5,3588.56,3,2,3
1237,2204,10,5731.25,3,4,4
1238,2282,4,297.58,1,1,1
1239,2219,7,1795.3,3,3,1
1240,2186,4,3015.05,4,1,3
1241,2256,7,1844.56,2,3,2
1242,2198,2,1085.74,4,1,1
1243,2251,10,5127.43,2,4,4
1244,2200,5,1968.68,3,2,2
1245,2252,7,2596.23,2,3,2
1246,2295,2,1769.48,1,1,1
1247,2271,4,2848.94,1,1,3
1248,2248,1,182.81,2,1,1
1249,2287,5,4269.85,1,2,4
1250,2216,10,6093.26,3,4,4
1251,2242,4,1481.07,2,1,1
1252,2190,7,4548.31,4,3,4
1253,2185,4,1948.45,4,1,2
1254,2218,7,3436.5,3,3,3
1255,2259,3,287.31,2,1,1
1256,2262,6,2068.61,2,3,2
1257,2437,3,1791.15,1,1,1
1258,2233,8,5441.22,2,4,4
1259,2222,7,3342.13,3,3,3
1260,2247,5,2195.24,2,2,2
1261,2229,6,1584.5,2,3,1
1262,2224,3,1355.38,3,1,1
1263,2223,6,2951.02,3,3,3
1264,2183,4,2699.71,4,1,2
1265,2188,4,1195.61,4,1,1
1266,2438,2,3405.1,1,1,3
1267,2322,4,2557.49,1,1,2
1268,2248,3,1318.26,2,1,1
1269,2392,3,935.06,1,1,1
1270,2386,4,2113.08,1,1,2
1271,2368,2,950.12,1,1,1
1272,2205,9,4338.64,3,4,4
1273,2204,3,1551.75,3,1,1
1274,2195,9,3532.37,4,4,3
1275,2330,6,1540.08,1,3,1
1276,2281,2,969.91,1,1,1
1277,2236,3,1197.91,2,1,1
1278,2245,4,721.51,2,1,1
1279,2233,6,2422.29,2,3,2
1280,2287,4,2799.42,1,1,3
1281,2268,3,1186.61,2,1,1
1282,2219,8,5521.41,3,4,4
1283,2274,2,1012.1,1,1,1
1284,2259,3,106.5,2,1,1
1285,2299,7,5553.4,1,3,4
1286,2232,7,2415.24,2,3,2
1287,2248,7,5456.97,2,3,4
1288,2203,4,1524.58,3,1,1
1289,2192,6,3940.48,4,3,3
1290,2225,9,7616.04,3,4,4
1291,2197,7,5147.26,4,3,4
1292,2212,5,3607.66,3,2,3
1293,2420,5,4736.69,1,2,4
1294,2357,3,917.32,1,1,1
1295,2210,6,1882.9,3,3,2
1296,2311,4,2793.27,1,1,2
1297,2183,6,2424.53,4,3,2
1298,2322,5,4113.36,1,2,3
1299,2187,7,5957.78,4,3,4
1300,2201,6,6148.62,3,3,4
1301,2193,8,2178.71,4,4,2
1302,2210,13,5336.73,3,4,4
1303,2191,6,4352.37,4,3,4
1304,2184,6,2321.06,4,3,2
1305,2323,5,2825,1,2,3
1306,2317,5,4077.19,1,2,3
1307,2271,9,4526.73,1,4,4
1308,2196,5,4757.96,4,2,4
1309,2263,4,1400.32,2,1,1
1310,2201,5,2289.27,3,2,2
1311,2228,3,2188.45,2,1,2
1312,2207,4,1292.6,3,1,1
1313,2188,7,4753.51,4,3,4
1314,2208,5,2894.17,3,2,3
1315,2186,8,2216.97,4,4,2
1316,2213,5,2152.88,3,2,2
1317,2191,9,7024.71,4,4,4
1318,2188,7,3500.74,4,3,3
1319,2197,3,1579.83,4,1,1
1320,2275,6,1835.18,1,3,2
1321,2284,7,2398.25,1,3,2
1322,2244,4,4008.84,2,1,3
1323,2234,7,1695.38,2,3,1
1324,2255,7,2443.26,2,3,2
1325,2263,1,104.24,2,1,1
1326,2191,6,3581,4,3,3
1327,2187,5,2848.5,4,2,3
1328,2181,7,5351.58,4,3,4
1329,2185,11,8352.16,4,4,4
1330,2256,6,5101.12,2,3,4
1331,2186,10,6252.43,4,4,4
1332,2216,7,4492.34,3,3,4
1333,2188,3,1924.18,4,1,2
1334,2421,2,719.98,1,1,1
1335,2233,7,3332.65,2,3,3
1336,2259,6,3595.91,2,3,3
1337,2264,6,3417.42,2,3,3
1338,2412,2,234.36,1,1,1
1339,2283,5,4713.22,1,2,4
1340,2209,8,2120.42,3,4,2
1341,2191,4,1213.75,4,1,1
1342,2184,4,2438.59,4,1,2
1343,2201,3,1317.16,3,1,1
1344,2202,3,628.57,3,1,1
1345,2224,6,5170.95,3,3,4
1346,2196,9,6736.53,4,4,4
1347,2272,6,3745.36,1,3,3
1348,2295,5,5915.86,1,2,4
1349,2224,6,1905.16,3,3,2
1350,2297,2,1235.26,1,1,1
1351,2198,6,4638.66,4,3,4
1352,2269,3,1151.6,1,1,1
1353,2195,8,2789.25,4,4,2
1354,2255,3,2464.54,2,1,2
1355,2189,5,2713.72,4,2,2
1356,2203,6,3853.42,3,3,3
1357,2193,9,4732.84,4,4,4
1358,2184,8,4113.04,4,4,3
1359,2193,2,1550.82,4,1,1
1360,2362,3,1906.15,1,1,2
1361,2209,6,2536.58,3,3,2
1362,2299,2,1736.45,1,1,1
1363,2205,7,2744.34,3,3,2
1364,2245,4,1033.89,2,1,1
1365,2398,4,818.72,1,1,1
1366,2235,5,1614.09,2,2,1
1367,2192,7,2760.28,4,3,2
1368,2229,6,3581.34,2,3,3
1369,2359,4,2503.47,1,1,2
1370,2207,4,839.27,3,1,1
1371,2207,4,1270.94,3,1,1
1372,2247,6,2935.68,2,3,3
1374,2220,8,5196.33,3,4,4
1375,2263,5,1849.91,2,2,2
1376,2270,6,4576.53,1,3,4
1377,2256,5,2814.08,2,2,3
1378,2193,6,4881.55,4,3,4
1379,2209,5,4337.31,3,2,4
1380,2379,3,2550.94,1,1,2
1381,2294,5,4177.61,1,2,4
1382,2303,2,1946.89,1,1,2
1383,2238,3,3357.89,2,1,3
1384,2217,6,3307.48,3,3,3
1385,2323,5,2624.57,1,2,2
1386,2287,3,2724.72,1,1,2
1387,2396,1,641.64,1,1,1
1388,2200,6,3792.12,3,3,3
1389,2230,8,6119.76,2,4,4
1390,2182,9,3474.54,4,4,3
1391,2244,3,2283.83,2,1,2
1392,2288,3,3196.27,1,1,3
1393,2211,2,669.89,3,1,1
1394,2352,4,1796.62,1,1,2
1395,2268,2,1000.17,2,1,1
1396,2190,10,7075.58,4,4,4
1397,2318,6,4563.95,1,3,4
1398,2217,7,5649.83,3,3,4
1399,2197,4,2234.62,4,1,2
1400,2237,7,4939.11,2,3,4
1401,2262,4,2405.42,2,1,2
1402,2221,8,3067.58,3,4,3
1403,2345,2,685.43,1,1,1
1404,2188,10,5426.7,4,4,4
1405,2214,11,2281.99,3,4,2
1406,2209,6,2396.7,3,3,2
1407,2181,9,3796.53,4,4,3
1408,2191,3,2731.09,4,1,2
1409,2203,4,2564.81,3,1,2
1410,2241,7,5597.11,2,3,4
1411,2216,6,4268.32,3,3,4
1412,2302,4,2223.44,1,1,2
1413,2184,6,3277.86,4,3,3
1414,2199,2,630.21,4,1,1
1415,2238,4,3062.52,2,1,3
1416,2295,4,1266.06,1,1,1
1417,2237,7,3873.42,2,3,3
1418,2267,5,1983.97,2,2,2
1419,2203,5,972.79,3,2,1
1420,2219,5,2121.64,3,2,2
1421,2238,6,2529.62,2,3,2
1422,2228,7,1652.39,2,3,1
1423,2205,6,3233.09,3,3,3
1424,2257,3,1475.88,2,1,1
1425,2181,4,3145,4,1,3
1426,2229,7,3867.34,2,3,3
1427,2240,5,3573.89,2,2,3
1428,2196,10,5508.8,4,4,4
1429,2212,6,861.62,3,3,1
1430,2289,5,1917.01,1,2,2
1431,2200,4,955.44,3,1,1
1432,2214,6,3727.06,3,3,3
1433,2312,3,1908.57,1,1,2
1434,2305,2,1127.95,1,1,1
1435,2214,7,5393.83,3,3,4
1436,2253,5,3404.37,2,2,3
1437,2324,3,2636.2,1,1,2
1438,2187,10,5503.89,4,4,4
1439,2246,3,1005.24,2,1,1
1440,2200,6,6362.47,3,3,4
1441,2339,2,562.46,1,1,1
1442,2234,2,109.02,2,1,1
1443,2225,10,5004.26,3,4,4
1444,2219,5,1281.31,3,2,1
1445,2187,6,3423.12,4,3,3
1446,2191,7,4495.52,4,3,4
1447,2278,7,4553.86,1,3,4
1448,2418,1,128.46,1,1,1
1449,2195,6,4565.33,4,3,4
1450,2223,7,2959.59,3,3,3
1451,2264,6,4060.31,2,3,3
1452,2183,5,3431.62,4,2,3
1453,2181,5,3265.75,4,2,3
1454,2186,5,2240.5,4,2,2
1455,2213,4,1659.49,3,1,1
1456,2189,4,874.93,4,1,1
1457,2246,6,1892.83,2,3,2
1458,2379,3,3273.33,1,1,3
1459,2279,4,4557.6,1,1,4
1460,2193,8,10787.6,4,4,4
1461,2199,7,5805.92,4,3,4
1462,2262,5,2331.52,2,2,2
1463,2291,5,2171.73,1,2,2
1464,2287,6,873.93,1,3,1
1465,2288,4,1429.5,1,1,1
1466,2214,3,978.42,3,1,1
1467,2194,7,1825.83,4,3,2
1468,2290,6,3450.06,1,3,3
1469,2255,6,2251.36,2,3,2
1470,2182,7,3512.72,4,3,3
1471,2186,4,4594.69,4,1,4
1472,2250,7,5011.4,2,3,4
1473,2213,11,6176.3,3,4,4
1474,2247,5,1676.15,2,2,1
1475,2227,7,7374.71,2,3,4
1476,2205,2,930.46,3,1,1
1477,2200,9,5007.94,3,4,4
1478,2182,7,3605.39,4,3,3
1479,2250,5,2530.6,2,2,2
1480,2183,9,2258.7,4,4,2
1481,2201,8,2551.05,3,4,2
1482,2249,12,9269.16,2,4,4
1483,2210,8,4273.54,3,4,4
1484,2195,4,1351.15,4,1,1
1485,2185,2,526.79,4,1,1
1486,2213,5,3681.51,3,2,3
1487,2198,2,400.47,4,1,1
1488,2221,1,133.38,3,1,1
1489,2263,4,379.16,2,1,1
1490,2249,4,2182.98,2,1,2
1491,2341,3,1591.33,1,1,1
1492,2194,7,4645.84,4,3,4
1493,2201,10,6117.05,3,4,4
1494,2199,10,5221.26,4,4,4
1495,2184,2,575.15,4,1,1
1496,2234,5,3181.16,2,2,3
1497,2363,6,3022.99,1,3,3
1498,2221,4,1583.19,3,1,1
1499,2306,5,2193.86,1,2,2
1500,2186,5,3488.45,4,2,3
1501,2234,5,1636.37,2,2,1
1502,2207,9,6209.68,3,4,4
1503,2341,8,7693.78,1,4,4
1504,2186,5,713.22,4,2,1
1505,2199,4,3825.71,4,1,3
1506,2181,10,6435.1,4,4,4
1507,2197,3,3023.26,4,1,3
1508,2242,5,3479.01,2,2,3
1509,2225,3,1862.95,3,1,2
1510,2237,2,2238.37,2,1,2
1511,2197,8,3037.58,4,4,3
1512,2317,3,2600.06,1,1,2
1513,2301,6,2071.14,1,3,2
1514,2248,7,3553.83,2,3,3
1515,2189,7,2314.6,4,3,2
1516,2218,5,4256.32,3,2,4
1517,2209,11,5878.15,3,4,4
1518,2272,4,1365.79,1,1,1
1519,2189,11,3819.53,4,4,3
1520,2348,4,1542,1,1,1
1521,2276,2,824.27,1,1,1
1522,2190,5,2089.87,4,2,2
1523,2222,3,2105.09,3,1,2
1524,2218,8,2724.52,3,4,2
1525,2205,3,1909.17,3,1,2
1526,2292,5,2573.94,1,2,2
1527,2222,8,3855.93,3,4,3
1528,2256,7,5083.41,2,3,4
1529,2285,1,199.1,1,1,1
1530,2182,10,7390.75,4,4,4
1531,2223,7,3839.18,3,3,3
1532,2184,6,2827.66,4,3,3
1533,2285,8,3968.52,1,4,3
1534,2227,7,3244.32,2,3,3
1535,2285,5,2811.97,1,2,3
1536,2214,4,2018.04,3,1,2
1537,2207,9,5101.55,3,4,4
1538,2182,4,222.78,4,1,1
1539,2246,8,3479.18,2,4,3
1540,2186,5,1939.36,4,2,2
1541,2251,5,3324.89,2,2,3
1542,2314,5,1825.32,1,2,2
1543,2255,3,1359.46,2,1,1
1544,2510,1,903.11,1,1,1
1545,2183,7,2637.47,4,3,2
1546,2250,6,2501.87,2,3,2
1547,2208,9,6523.19,3,4,4
1548,2218,3,1434.01,3,1,1
1549,2184,7,2924.48,4,3,3
1550,2223,6,3172.63,3,3,3
1551,2203,7,5171.89,3,3,4
1552,2280,5,5400.32,1,2,4
1553,2265,4,2002.85,2,1,2
1554,2201,7,5636.08,3,3,4
1555,2314,7,3107.36,1,3,3
1556,2265,5,3519.22,2,2,3
1557,2256,6,4684.95,2,3,4
1558,2189,9,10640.3,4,4,4
1559,2237,8,8624.72,2,4,4
1560,2383,3,486.61,1,1,1
1561,2224,8,6918.89,3,4,4
1562,2281,3,2606.7,1,1,2
1563,2310,4,2877.89,1,1,3
1564,2194,3,493.17,4,1,1
1565,2190,2,1182.38,4,1,1
1566,2267,4,1597.26,2,1,1
1567,2205,7,4071.82,3,3,3
1568,2320,4,3870.48,1,1,3
1569,2234,1,1103.43,2,1,1
1570,2214,9,5321.3,3,4,4
1571,2184,4,4968.78,4,1,4
1572,2263,6,7651.02,2,3,4
1573,2245,4,2236.76,2,1,2
1574,2254,10,3220.9,2,4,3
1575,2267,4,1050.28,2,1,1
1576,2218,7,4521.35,3,3,4
1577,2193,7,3677,4,3,3
1578,2197,7,6165.1,4,3,4
1579,2221,10,8102.62,3,4,4
1580,2236,8,3225,2,4,3
1581,2217,8,2944.09,3,4,3
1582,2236,5,1914.2,2,2,2
1583,2293,4,3221.08,1,1,3
1584,2183,2,1323.66,4,1,1
1585,2218,8,3461.65,3,4,3
1586,2197,6,4154.02,4,3,4
1587,2258,5,635.72,2,2,1
1588,2213,7,3628.26,3,3,3
1589,2192,6,6738.66,4,3,4
1590,2267,3,2248.04,2,1,2
1591,2210,11,5968.91,3,4,4
1592,2281,4,3348.25,1,1,3
1593,2234,6,3818.36,2,3,3
1594,2181,6,4320.3,4,3,4
1595,2258,7,4891.75,2,3,4
1596,2316,3,2786.02,1,1,2
1597,2206,11,8710.7,3,4,4
1598,2351,5,2317.99,1,2,2
1599,2200,11,4855.5,3,4,4
1600,2194,9,2924.43,4,4,3
1601,2200,4,2317.27,3,1,2
1602,2188,5,4026.12,4,2,3
1603,2204,4,1488.17,3,1,1
1604,2280,3,1225.77,1,1,1
1605,2362,3,1721.05,1,1,1
1606,2223,4,2602.85,3,1,2
1607,2182,5,1681.02,4,2,1
1608,2193,3,1206.35,4,1,1
1609,2242,5,4041.6,2,2,3
1610,2189,5,3556.15,4,2,3
1611,2222,12,5450.34,3,4,4
1612,2248,2,2932.82,2,1,3
1613,2222,8,3512.03,3,4,3
1614,2231,6,2397.39,2,3,2
1615,2236,5,4894.11,2,2,4
1616,2204,7,6150.25,3,3,4
1617,2186,5,2977.19,4,2,3
1618,2209,2,643.43,3,1,1
1619,2265,10,7031.79,2,4,4
1620,2397,2,1149.25,1,1,1
1621,2263,5,1162.24,2,2,1
1622,2228,3,1506.34,2,1,1
1623,2183,6,3362.55,4,3,3
1624,2184,6,1627.22,4,3,1
1625,2190,8,8499.59,4,4,4
1626,2436,2,1326.15,1,1,1
1627,2205,8,4834.08,3,4,4
1628,2314,2,2659.57,1,1,2
1629,2182,7,6051.87,4,3,4
1630,2204,3,1915.23,3,1,2
1631,2312,4,2638.26,1,1,2
1632,2462,1,709.34,1,1,1
1633,2198,3,2548.92,4,1,2
1634,2210,4,1537.06,3,1,1
1635,2320,4,1319.52,1,1,1
1636,2221,5,3274.29,3,2,3
1637,2324,7,4039.88,1,3,3
1638,2192,4,4046.88,4,1,3
1639,2211,6,4428.51,3,3,4
1640,2243,7,1871.87,2,3,2
1641,2244,9,4326.2,2,4,4
1642,2265,5,2307.49,2,2,2
1643,2219,8,4244.32,3,4,4
1644,2203,7,4938.15,3,3,4
1645,2271,7,1411.7,1,3,1
1646,2207,7,4487.52,3,3,4
1647,2359,7,3267.5,1,3,3
1648,2194,4,2124.93,4,1,2
1649,2252,3,3089.37,2,1,3
1650,2191,5,1860.19,4,2,2
1651,2278,5,694.38,1,2,1
1652,2277,6,2662.39,1,3,2
1653,2214,4,2664.07,3,1,2
1654,2265,4,1179.61,2,1,1
1655,2197,3,1337.55,4,1,1
1656,2265,6,2256.47,2,3,2
1657,2242,5,2675.72,2,2,2
1658,2461,4,1469.96,1,1,1
1659,2261,7,3461.08,2,3,3
1660,2257,6,2624.36,2,3,2
1661,2399,6,5880.33,1,3,4
1662,2243,5,1718.12,2,2,1
1663,2194,6,2991.52,4,3,3
1664,2223,7,3476.36,3,3,3
1665,2249,7,3302.05,2,3,3
1666,2259,4,1518.85,2,1,1
1667,2257,7,5432.4,2,3,4
1668,2185,6,2901.97,4,3,3
1669,2240,6,3361.1,2,3,3
1670,2241,9,5073.96,2,4,4
1671,2224,4,1221.85,3,1,1
1672,2223,11,5905.78,3,4,4
1673,2314,3,748.69,1,1,1
1674,2229,5,160.73,2,2,1
1675,2282,4,3067.06,1,1,3
1676,2268,5,4291.11,2,2,4
1677,2279,8,2781.56,1,4,2
1678,2249,9,4732.32,2,4,4
1679,2317,4,3026.57,1,1,3
1680,2293,3,1931.5,1,1,2
1681,2199,5,2930.55,4,2,3
1682,2263,6,5354.43,2,3,4
1683,2263,9,5995.2,2,4,4
1684,2197,6,1507.3,4,3,1
1685,2206,2,677.18,3,1,1
1686,2259,10,5672.85,2,4,4
1687,2191,4,2185.27,4,1,2
1688,2204,8,2511.75,3,4,2
1689,2317,5,3334.23,1,2,3
1690,2197,9,2570.54,4,4,2
1691,2183,8,3832.92,4,4,3
1692,2308,4,1168.43,1,1,1
1693,2256,6,3726.31,2,3,3
1694,2200,7,4611.39,3,3,4
1695,2218,5,3646.3,3,2,3
1696,2209,9,6524.77,3,4,4
1697,2205,5,3042.48,3,2,3
1698,2213,8,4965.68,3,4,4
1699,2262,7,3497.23,2,3,3
1700,2250,6,1483.48,2,3,1
1701,2186,5,1420.68,4,2,1
1702,2195,6,2185.44,4,3,2
1703,2184,4,761.47,4,1,1
1704,2300,2,1678.39,1,1,1
1705,2196,4,2109.79,4,1,2
1706,2183,8,4666.64,4,4,4
1707,2198,8,3463.54,4,4,3
1708,2439,4,2225.03,1,1,2
1709,2185,5,2059,4,2,2
1710,2261,4,1638.52,2,1,1
1711,2222,7,2769.45,3,3,2
1712,2467,2,781.41,1,1,1
1713,2187,7,3889.18,4,3,3
1714,2219,6,3372.13,3,3,3
1715,2283,3,629.29,1,1,1
1716,2315,2,1444.78,1,1,1
1717,2227,4,1951.07,2,1,2
1718,2205,5,1539.11,3,2,1
1719,2200,5,2228.3,3,2,2
1720,2204,5,3538.05,3,2,3
1721,2181,7,3766.35,4,3,3
1722,2185,8,6474.5,4,4,4
1723,2198,5,2965.28,4,2,3
1724,2284,4,958.58,1,1,1
1725,2241,7,5576.41,2,3,4
1726,2298,6,4476.97,1,3,4
1727,2252,7,3036.05,2,3,3
1728,2226,6,3684.49,3,3,3
1729,2239,6,3005.33,2,3,3
1730,2201,3,418.04,3,1,1
1731,2224,11,3521.29,3,4,3
1732,2278,5,2263.39,1,2,2
1733,2234,5,3170.48,2,2,3
1734,2206,2,923,3,1,1
1735,2246,4,2417.11,2,1,2
1736,2235,6,3759.28,2,3,3
1737,2226,3,3531.09,3,1,3
1738,2202,4,1841.07,3,1,2
1739,2218,4,2395.71,3,1,2
1740,2187,8,3770.36,4,4,3
1741,2245,3,2725.13,2,1,2
1742,2240,6,1942.36,2,3,2
1743,2267,7,4448.07,2,3,4
1744,2290,3,539.25,1,1,1
1745,2186,12,3164.47,4,4,3
1746,2286,6,3706.41,1,3,3
1747,2371,4,995.38,1,1,1
1748,2183,10,4973.95,4,4,4
1749,2262,3,1820.71,2,1,2
1750,2236,6,5227.98,2,3,4
1751,2193,4,1714.84,4,1,1
1752,2209,7,3240.2,3,3,3
1753,2208,4,2093.21,3,1,2
1754,2323,5,3519.51,1,2,3
1755,2229,6,3451.34,2,3,3
1756,2243,3,2046.4,2,1,2
1757,2410,1,827.16,1,1,1
1758,2183,7,1764.85,4,3,1
1759,2199,6,2828.17,4,3,3
1760,2193,6,3666.94,4,3,3
1761,2199,5,3258.95,4,2,3
1762,2202,12,5870.93,3,4,4
1763,2190,7,3434.38,4,3,3
1764,2183,4,1154.06,4,1,1
1765,2227,6,4439.48,2,3,4
1766,2359,5,1829.25,1,2,2
1767,2185,5,3152.29,4,2,3
1768,2273,1,437.46,1,1,1
1769,2217,6,2744.36,3,3,2
1770,2194,7,4366.04,4,3,4
1771,2220,6,2670.15,3,3,2
1772,2349,4,1648.05,1,1,1
1773,2189,10,5397.56,4,4,4
1774,2278,4,1168.78,1,1,1
1775,2233,6,3695.64,2,3,3
1776,2215,6,2607.63,3,3,2
1777,2251,6,2651.76,2,3,2
1778,2493,2,2040.87,1,1,2
1779,2310,6,5042,1,3,4
1780,2219,4,1641.05,3,1,1
1781,2190,4,1589.86,4,1,1
1782,2262,6,3622.1,2,3,3
1783,2230,12,6331.35,2,4,4
1784,2252,4,1239.28,2,1,1
1785,2215,6,2827.73,3,3,3
1786,2355,2,963.62,1,1,1
1787,2181,6,4865.49,4,3,4
1788,2210,9,4979.39,3,4,4
1789,2241,3,2066.66,2,1,2
1790,2213,5,2258.68,3,2,2
1791,2298,6,2595.16,1,3,2
1792,2187,10,5020.67,4,4,4
1793,2241,6,4960.36,2,3,4
1794,2182,4,1713.79,4,1,1
1795,2184,6,2882.84,4,3,3
1796,2303,2,221.12,1,1,1
1797,2235,11,6539.78,2,4,4
1798,2194,7,2934.76,4,3,3
1799,2233,4,2073.85,2,1,2
1800,2352,3,2440.35,1,1,2
1801,2246,8,4098.59,2,4,3
1802,2194,8,5035.8,4,4,4
1803,2296,7,3130.64,1,3,3
1804,2212,3,2156.17,3,1,2
1805,2271,4,634.65,1,1,1
1806,2218,8,4810.5,3,4,4
1807,2241,6,2514.96,2,3,2
1808,2257,7,7965.28,2,3,4
1809,2208,6,3918.15,3,3,3
1810,2187,2,168.45,4,1,1
1811,2213,8,6493.8,3,4,4
1812,2203,9,3980.04,3,4,3
1813,2199,6,2137.45,4,3,2
1814,2232,6,2459.73,2,3,2
1815,2192,5,1964.08,4,2,2
1816,2261,5,3352.53,2,2,3
1817,2212,11,4244.1,3,4,4
1818,2205,7,4516.55,3,3,4
1819,2433,2,763.9,1,1,1
1820,2216,9,4883.79,3,4,4
1821,2205,12,7335.89,3,4,4
1822,2183,5,848.74,4,2,1
1823,2342,6,2266.66,1,3,2
1824,2193,7,3263.7,4,3,3
1825,2221,6,4977.77,3,3,4
1826,2221,7,3405.78,3,3,3
1827,2219,4,2549.58,3,1,2
1828,2331,3,757.25,1,1,1
1829,2184,3,1805.92,4,1,2
1830,2194,7,4578.9,4,3,4
1831,2346,8,2147.3,1,4,2
1832,2265,8,5739.57,2,4,4
1833,2191,5,2441.37,4,2,2
1834,2307,4,4434.93,1,1,4
1835,2206,6,1039.03,3,3,1
1836,2347,2,1219.86,1,1,1
1837,2216,7,4515.25,3,3,4
1838,2230,5,4691.45,2,2,4
1839,2230,7,2784,2,3,2
1840,2279,7,2259.16,1,3,2
1841,2217,3,1677.08,3,1,1
1842,2392,5,3055.85,1,2,3
1843,2293,4,2132.3,1,1,2
1844,2222,7,4085.48,3,3,3
1845,2202,7,4572.89,3,3,4
1846,2514,1,356.5,1,1,1
1847,2213,3,1919.83,3,1,2
1848,2223,6,4456.95,3,3,4
1849,2317,6,4077.26,1,3,3
1850,2225,7,5159.72,3,3,4
1851,2466,2,881.15,1,1,1
1852,2278,5,4641.27,1,2,4
1853,2207,9,5184.76,3,4,4
1854,2181,3,2135.67,4,1,2
1855,2203,4,2257.81,3,1,2
1856,2308,2,253.81,1,1,1
1857,2268,4,3240.23,2,1,3
1858,2202,8,5387.47,3,4,4
1859,2257,5,2355.59,2,2,2
1860,2192,6,4503.35,4,3,4
1861,2210,6,3793.81,3,3,3
1862,2255,7,3020.1,2,3,3
1863,2427,5,5786.77,1,2,4
1864,2205,10,2925.42,3,4,3
1865,2280,1,690.49,1,1,1
1866,2219,9,8834.6,3,4,4
1867,2183,8,3914.7,4,4,3
1868,2207,6,7566.25,3,3,4
1869,2222,4,1623.43,3,1,1
1870,2219,7,4382.2,3,3,4
1871,2275,4,2220.26,1,1,2
1872,2320,5,2516.5,1,2,2
1873,2189,4,2807.58,4,1,3
1874,2280,5,2146.69,1,2,2
1875,2279,6,3921.26,1,3,3
1876,2319,5,4057.63,1,2,3
1877,2261,6,1507.82,2,3,1
1878,2213,6,2755.93,3,3,2
1879,2228,7,1914.39,2,3,2
1880,2248,5,4685.53,2,2,4
1881,2216,7,5018.98,3,3,4
1882,2309,6,4054.85,1,3,3
1883,2223,3,1910.89,3,1,2
1884,2205,7,3349.99,3,3,3
1885,2185,9,6979.28,4,4,4
1886,2187,4,2434.76,4,1,2
1887,2286,10,8034.71,1,4,4
1888,2268,4,3288.04,2,1,3
1889,2316,5,3710.54,1,2,3
1890,2225,9,6710.76,3,4,4
1891,2262,7,4045.2,2,3,3
1892,2288,5,804.82,1,2,1
1893,2183,7,3637.17,4,3,3
1894,2217,4,1907.65,3,1,2
1895,2188,5,541.13,4,2,1
1896,2340,3,2411.66,1,1,2
1897,2243,7,2502.37,2,3,2
1898,2241,6,4787.35,2,3,4
1899,2257,5,2030.54,2,2,2
1900,2248,4,1017.24,2,1,1
1901,2308,7,5809.11,1,3,4
1902,2233,5,2134.1,2,2,2
1903,2197,4,4098.86,4,1,3
1904,2248,3,1604.73,2,1,1
1905,2191,9,4833.73,4,4,4
1906,2182,6,2957.85,4,3,3
1907,2291,4,1014.07,1,1,1
1908,2288,6,3725.57,1,3,3
1909,2240,6,3456.8,2,3,3
1910,2198,3,907.45,4,1,1
1911,2242,2,689.11,2,1,1
1912,2219,9,3286.01,3,4,3
1913,2223,13,3254.53,3,4,3
1914,2193,8,2248.17,4,4,2
1915,2242,5,2568.05,2,2,2
1916,2234,7,4545.8,2,3,4
1917,2209,7,5107.25,3,3,4
1918,2182,5,3092.75,4,2,3
1919,2225,4,1841.25,3,1,2
1920,2250,1,90.1,2,1,1
1921,2221,1,64.51,3,1,1
1922,2274,3,1580.86,1,1,1
1923,2196,4,3078.62,4,1,3
1924,2206,3,1761.68,3,1,1
1925,2186,7,2584.56,4,3,2
1926,2186,5,4911.09,4,2,4
1927,2271,5,3658.13,1,2,3
1928,2215,2,879.48,3,1,1
1929,2226,6,1912.36,3,3,2
1930,2202,5,2428.87,3,2,2
1931,2204,3,384.07,3,1,1
1932,2270,8,4328.47,1,4,4
1933,2222,8,4271.39,3,4,4
1934,2184,6,2439.94,4,3,2
1935,2238,6,3568.73,2,3,3
1936,2258,8,3553.74,2,4,3
1937,2215,6,4274.78,3,3,4
1938,2410,4,3014,1,1,3
1939,2257,2,201.55,2,1,1
1940,2257,4,3259.41,2,1,3
1941,2186,4,3130.19,4,1,3
1942,2197,8,4675.19,4,4,4
1943,2480,3,357.79,1,1,1
1944,2186,5,1345.75,4,2,1
1945,2296,3,710.07,1,1,1
1946,2269,13,4063.82,1,4,3
1947,2216,9,3974.81,3,4,3
1948,2349,5,2425.34,1,2,2
1949,2210,7,3586.71,3,3,3
1950,2187,9,3817.14,4,4,3
1951,2299,8,4514.84,1,4,4
1952,2257,10,2882.8,2,4,3
1953,2191,7,3899.78,4,3,3
1954,2281,8,4938.28,1,4,4
1955,2259,3,1215.92,2,1,1
1956,2214,4,1267.19,3,1,1
1957,2200,10,5079.91,3,4,4
1958,2250,4,1090.71,2,1,1
1959,2322,8,3479.22,1,4,3
1960,2250,3,2561.05,2,1,2
1961,2206,3,3361.67,3,1,3
1962,2274,2,758.69,1,1,1
1963,2190,2,1828.47,4,1,2
1964,2283,6,4239.32,1,3,4
1965,2187,5,2093.67,4,2,2
1966,2342,6,1564.56,1,3,1
1967,2203,5,4348.5,3,2,4
1968,2340,5,1810.03,1,2,2
1969,2198,6,2623.56,4,3,2
1970,2181,8,3660.48,4,4,3
1971,2243,7,4812.99,2,3,4
1972,2181,4,2792.56,4,1,2
1973,2228,4,3371.69,2,1,3
1974,2213,5,1601.33,3,2,1
1975,2289,2,79.1599999999999,1,1,1
1976,2316,6,1731.63,1,3,1
1977,2241,4,2080.25,2,1,2
1978,2194,3,231.71,4,1,1
1979,2214,5,4541.84,3,2,4
1980,2254,8,4822.39,2,4,4
1981,2270,3,2291.97,1,1,2
1982,2231,8,3939.17,2,4,3
1983,2183,4,3061.8,4,1,3
1984,2229,7,7256.08,2,3,4
1985,2181,7,2665.3,4,3,2
1986,2225,6,2436.69,3,3,2
1987,2223,4,1781.36,3,1,1
1988,2315,8,6006.4,1,4,4
1989,2203,4,1659.64,3,1,1
1990,2190,8,2320.86,4,4,2
1991,2182,10,8256.08,4,4,4
1992,2321,10,6658.89,1,4,4
1993,2255,8,2784.71,2,4,2
1994,2183,6,3922.29,4,3,3
1995,2306,6,2094.59,1,3,2
1996,2194,7,2525.43,4,3,2
1997,2235,5,2854.97,2,2,3
1998,2337,4,2715.83,1,1,2
1999,2184,7,2424.34,4,3,2
2000,2225,3,999,3,1,1
2001,2267,8,5347.87,2,4,4
2002,2278,3,1637.46,1,1,1
2003,2400,2,214.37,1,1,1
2004,2227,5,2909.67,2,2,3
2005,2186,6,4047.83,4,3,3
2006,2328,5,2255.61,1,2,2
2007,2204,3,4150.16,3,1,4
2008,2210,7,2365.36,3,3,2
2009,2186,7,2357.35,4,3,2
2010,2215,5,2168.8,3,2,2
2011,2496,3,560.48,1,1,1
2012,2194,5,2714.3,4,2,2
2013,2196,9,4413.06,4,4,4
2014,2235,6,2872.41,2,3,3
2015,2231,6,2970.6,2,3,3
2016,2249,6,2390.89,2,3,2
2017,2193,5,3692.86,4,2,3
2018,2216,7,2335.54,3,3,2
2019,2233,8,4781.23,2,4,4
2020,2224,7,4959.64,3,3,4
2021,2306,2,90.22,1,1,1
2022,2194,5,3955.17,4,2,3
2023,2194,10,5132.78,4,4,4
2024,2210,6,3558.41,3,3,3
2025,2319,4,2183.55,1,1,2
2026,2327,4,3447.44,1,1,3
2027,2195,7,3237.25,4,3,3
2028,2221,7,3648.33,3,3,3
2029,2182,9,4156.31,4,4,4
2030,2420,4,4622.34,1,1,4
2031,2200,4,1998.35,3,1,2
2032,2186,2,978.76,4,1,1
2033,2192,7,4458.72,4,3,4
2034,2270,6,2438.26,1,3,2
2035,2308,4,1520.86,1,1,1
2036,2206,12,6770.24,3,4,4
2037,2279,4,2941.07,1,1,3
2038,2194,4,3207.17,4,1,3
2039,2380,5,2422.46,1,2,2
2040,2277,2,1364.05,1,1,1
2041,2261,6,3799.86,2,3,3
2042,2192,3,2006.18,4,1,2
2043,2320,5,3472.24,1,2,3
2044,2186,5,3977.45,4,2,3
2045,2236,9,5224.69,2,4,4
2046,2214,9,9188.77,3,4,4
2047,2460,1,1215.34,1,1,1
2048,2238,7,5517.21,2,3,4
2049,2246,6,4162.97,2,3,4
2050,2187,4,2099.4,4,1,2
2051,2232,6,6140.66,2,3,4
2052,2239,9,3009.89,2,4,3
2053,2186,6,4941.18,4,3,4
2054,2182,4,3000.7,4,1,3
2055,2181,9,5563.63,4,4,4
2056,2235,2,1028.46,2,1,1
2057,2197,6,5006.98,4,3,4
2058,2301,7,3634.98,1,3,3
2059,2351,4,1500.24,1,1,1
2060,2186,11,5875.14,4,4,4
2061,2313,6,3867.74,1,3,3
2062,2223,5,3465.41,3,2,3
2063,2190,5,1823,4,2,2
2064,2287,5,3327.04,1,2,3
2065,2396,4,2071.89,1,1,2
2066,2271,5,2259.29,1,2,2
2067,2211,8,3743.8,3,4,3
2068,2340,5,3933.88,1,2,3
2069,2232,6,5879.97,2,3,4
2070,2185,8,4731.2,4,4,4
2071,2201,7,3588.04,3,3,3
2072,2189,13,4136.84,4,4,4
2073,2199,8,2487.67,4,4,2
2075,2185,4,2302.54,4,1,2
2076,2200,8,5576.17,3,4,4
2077,2408,3,2429.72,1,1,2
2078,2246,6,2175.54,2,3,2
2079,2184,3,2692.83,4,1,2
2080,2343,6,3454.88,1,3,3
2081,2192,5,2531.96,4,2,2
2082,2182,7,2903.17,4,3,3
2083,2196,9,4106.38,4,4,3
2084,2300,2,453.48,1,1,1
2085,2208,3,2196.35,3,1,2
2086,2279,3,949.58,1,1,1
2087,2236,5,1624.11,2,2,1
2088,2190,7,3125.44,4,3,3
2089,2328,2,119.32,1,1,1
2090,2344,2,289.37,1,1,1
2091,2392,3,2764.61,1,1,2
2092,2197,5,3651.03,4,2,3
2093,2241,6,3660.48,2,3,3
2094,2215,5,1368.37,3,2,1
2095,2201,10,6194.3,3,4,4
2096,2313,5,4320.42,1,2,4
2097,2219,6,4647.42,3,3,4
2098,2189,6,2293.67,4,3,2
2099,2244,7,4576.76,2,3,4
2100,2199,5,2399.56,4,2,2
2101,2201,10,7332.69,3,4,4
2102,2198,7,3934.99,4,3,3
2103,2195,10,6752.63,4,4,4
2104,2261,8,2341.58,2,4,2
2105,2204,5,5155.91,3,2,4
2106,2184,4,3249.41,4,1,3
2107,2245,2,892.5,2,1,1
2108,2193,3,2077.3,4,1,2
2109,2183,8,5263.13,4,4,4
2110,2207,7,2990.36,3,3,3
2111,2187,9,4790.82,4,4,4
2112,2183,4,3696.43,4,1,3
2113,2214,4,2989.64,3,1,3
2114,2195,6,2997.56,4,3,3
2115,2228,2,1168.94,2,1,1
2116,2286,4,4128.63,1,1,4
2117,2205,5,2724.75,3,2,2
2118,2316,6,2385.07,1,3,2
2119,2248,4,2795.32,2,1,2
2120,2183,8,4543.18,4,4,4
2121,2270,9,4204.3,1,4,4
2122,2189,3,1303.18,4,1,1
2123,2376,6,2289.21,1,3,2
2124,2238,6,3900.32,2,3,3
2125,2194,6,1710.28,4,3,1
2126,2206,4,594.06,3,1,1
2127,2213,5,1884.62,3,2,2
2128,2194,2,1596.3,4,1,1
2129,2330,2,873.12,1,1,1
2130,2182,8,4253.77,4,4,4
2131,2282,5,964.87,1,2,1
2132,2199,8,6401.83,4,4,4
2133,2301,5,3126.84,1,2,3
2134,2262,5,3923.57,2,2,3
2135,2519,1,217.51,1,1,1
2136,2191,4,3917.47,4,1,3
2137,2201,4,1433.8,3,1,1
2138,2224,7,4736.45,3,3,4
2139,2241,5,5380.68,2,2,4
2140,2279,8,4700.15,1,4,4
2141,2257,4,2611.75,2,1,2
2142,2262,7,5258.12,2,3,4
2143,2208,4,2009.42,3,1,2
2144,2248,8,5253.88,2,4,4
2145,2375,1,299.27,1,1,1
2146,2231,2,1264.62,2,1,1
2147,2306,3,1419.5,1,1,1
2148,2318,4,2346.16,1,1,2
2149,2192,9,5077.1,4,4,4
2150,2275,6,2230.22,1,3,2
2151,2327,6,7129.61,1,3,4
2152,2182,9,4281.08,4,4,4
2153,2257,7,4042.69,2,3,3
2154,2219,6,4268.17,3,3,4
2155,2200,11,4113.08,3,4,3
2156,2294,6,2495.43,1,3,2
2157,2342,2,338.85,1,1,1
2158,2231,5,1650.61,2,2,1
2159,2199,5,1797.7,4,2,2
2160,2228,6,2672.77,2,3,2
2161,2233,5,2584.95,2,2,2
2162,2234,4,1779.26,2,1,1
2163,2251,4,1721.82,2,1,1
2164,2249,7,3328.51,2,3,3
2165,2181,10,6052.93,4,4,4
2166,2239,6,3071.34,2,3,3
2167,2325,6,1539.6,1,3,1
2168,2183,3,1863.53,4,1,2
2169,2298,5,5712.51,1,2,4
2170,2209,6,4828.54,3,3,4
2171,2215,6,1251.33,3,3,1
2172,2210,4,5407.15,3,1,4
2173,2338,4,2250.33,1,1,2
2174,2262,5,2884.72,2,2,3
2175,2239,4,3173.95,2,1,3
2176,2209,3,2088.09,3,1,2
2177,2279,5,2762.18,1,2,2
2178,2258,4,451.6,2,1,1
2179,2217,7,3631.27,3,3,3
2180,2261,5,3527.78,2,2,3
2181,2232,8,1765.32,2,4,1
2182,2198,8,4766.82,4,4,4
2183,2189,14,6513.3,4,4,4
2184,2218,11,7123,3,4,4
2185,2317,7,5144.36,1,3,4
2186,2335,3,1956.39,1,1,2
2187,2244,7,5644.17,2,3,4
2188,2251,6,4735.32,2,3,4
2189,2221,10,4914.08,3,4,4
2190,2222,8,6260.31,3,4,4
2191,2193,5,3823.77,4,2,3
2192,2223,4,985.77,3,1,1
2193,2235,4,2957.42,2,1,3
2194,2223,8,6198.41,3,4,4
2195,2183,5,4139.25,4,2,4
2196,2252,5,985.47,2,2,1
2197,2300,3,378.15,1,1,1
2198,2206,3,1152.9,3,1,1
2199,2205,4,2644.03,3,1,2
2200,2319,2,1573.1,1,1,1
2201,2211,7,6291.68,3,3,4
2202,2239,10,5090.61,2,4,4
2203,2230,5,3469.05,2,2,3
2204,2198,8,3346.58,4,4,3
2205,2281,3,1781.91,1,1,1
2206,2239,4,1464.66,2,1,1
2207,2255,6,3604.14,2,3,3
2208,2295,6,2177.68,1,3,2
2209,2446,1,445.21,1,1,1
2210,2208,9,4888.71,3,4,4
2211,2292,3,753.26,1,1,1
2212,2222,6,2722.72,3,3,2
2213,2196,5,4212.47,4,2,4
2214,2208,5,2328.51,3,2,2
2215,2200,2,327.23,3,1,1
2216,2255,3,1644.61,2,1,1
2217,2203,7,3905.42,3,3,3
2218,2202,3,2743.56,3,1,2
2219,2242,5,3493.02,2,2,3
2220,2266,4,2129.07,2,1,2
2221,2275,8,4651.26,1,4,4
2222,2240,6,3821.27,2,3,3
2223,2235,7,3538.42,2,3,3
2224,2468,3,1041.01,1,1,1
2225,2389,3,3512.1,1,1,3
2226,2230,8,3121.7,2,4,3
2227,2221,5,2168.4,3,2,2
2228,2349,4,1425.27,1,1,1
2229,2202,4,2114.24,3,1,2
2230,2246,7,3119.58,2,3,3
2231,2245,3,2685.1,2,1,2
2232,2240,6,2198.56,2,3,2
2233,2244,7,2332.59,2,3,2
2234,2238,6,1719.16,2,3,1
2235,2261,6,3649.92,2,3,3
2236,2182,3,2123.71,4,1,2
2237,2219,7,2501.42,3,3,2
2238,2322,3,2411.83,1,1,2
2239,2213,2,736.73,3,1,1
2240,2212,12,6128.3,3,4,4
2241,2198,4,1454.39,4,1,1
2242,2351,3,898.82,1,1,1
2243,2364,3,1115.15,1,1,1
2244,2244,5,1796,2,2,1
2245,2255,7,3320.78,2,3,3
2246,2280,4,2217.49,1,1,2
2247,2210,7,4957.3,3,3,4
2248,2232,8,3914.5,2,4,3
2249,2293,5,2057.46,1,2,2
2250,2305,3,1074.88,1,1,1
2251,2196,7,2338.45,4,3,2
2252,2311,4,1567.57,1,1,1
2253,2265,6,1783.37,2,3,1
2254,2184,5,2318.89,4,2,2
2255,2324,2,1458.7,1,1,1
2256,2350,3,1461,1,1,1
2257,2245,5,4193.32,2,2,4
2258,2233,6,3881.78,2,3,3
2259,2342,4,2600.49,1,1,2
2260,2198,6,5378.6,4,3,4
2261,2216,4,1465.16,3,1,1
2262,2256,4,1502.68,2,1,1
2263,2216,5,3371.48,3,2,3
2264,2334,6,2557.62,1,3,2
2265,2276,3,1988.76,1,1,2
2266,2210,10,4169.83,3,4,4
2267,2280,5,1799.9,1,2,2
2268,2216,8,4473.32,3,4,4
2269,2228,7,5404.64,2,3,4
2270,2310,5,5154.68,1,2,4
2271,2358,1,1305.25,1,1,1
2272,2285,6,3344.13,1,3,3
2273,2207,10,2795.34,3,4,2
2274,2236,2,35.74,2,1,1
2275,2302,6,5688.29,1,3,4
2276,2191,4,2304.77,4,1,2
2277,2217,4,2713.72,3,1,2
2278,2215,4,279.78,3,1,1
2279,2216,8,4008.76,3,4,3
2280,2205,5,1702.53,3,2,1
2281,2219,6,3626.7,3,3,3
2282,2195,6,3131.51,4,3,3
2283,2211,7,4474.63,3,3,4
2284,2215,7,4735.67,3,3,4
2285,2220,7,1796.29,3,3,1
2286,2230,5,2878.73,2,2,3
2287,2340,2,273.7,1,1,1
2288,2210,6,4438.47,3,3,4
2289,2240,4,2224.75,2,1,2
2290,2253,5,4225.77,2,2,4
2291,2288,1,198.22,1,1,1
2292,2226,7,4768.85,3,3,4
2293,2266,5,1410.53,2,2,1
2294,2254,7,5050.26,2,3,4
2295,2198,4,3690.26,4,1,3
2296,2217,4,3592.5,3,1,3
2297,2218,5,4274.88,3,2,4
2298,2226,6,3140.01,3,3,3
2299,2240,6,3142.75,2,3,3
2300,2198,4,2812.11,4,1,3
2301,2186,6,4704.92,4,3,4
2302,2234,3,2611.15,2,1,2
2303,2325,2,969.62,1,1,1
2304,2184,7,4121.78,4,3,4
2305,2259,5,3135.34,2,2,3
2306,2187,4,2513.78,4,1,2
2307,2262,11,3887.07,2,4,3
2308,2194,9,5077.97,4,4,4
2309,2234,12,7161.99,2,4,4
2310,2196,6,4022.41,4,3,3
2311,2247,5,4460.12,2,2,4
2312,2209,5,3280.61,3,2,3
2313,2225,6,2842.47,3,3,3
2314,2229,3,2355.76,2,1,2
2315,2333,5,600.76,1,2,1
2316,2227,4,1437.54,2,1,1
2317,2234,5,2715.29,2,2,2
2318,2197,7,3627.48,4,3,3
2319,2190,4,4564.9,4,1,4
2320,2205,3,1690.96,3,1,1
2321,2342,3,3183.53,1,1,3
2322,2248,4,2585.15,2,1,2
2323,2393,3,1959.79,1,1,2
2324,2259,4,1322.22,2,1,1
2325,2302,5,2178.83,1,2,2
2326,2293,1,309.81,1,1,1
2327,2405,3,2601.79,1,1,2
2328,2332,1,356.5,1,1,1
2329,2189,5,2276.9,4,2,2
2330,2185,3,1203.34,4,1,1
2331,2200,7,3707.24,3,3,3
2332,2212,4,651.64,3,1,1
2333,2273,4,2113.9,1,1,2
2334,2250,3,1315.76,2,1,1
2335,2192,7,4112.98,4,3,3
2336,2255,9,5853.82,2,4,4
2337,2353,3,398.43,1,1,1
2338,2204,7,3574.31,3,3,3
2339,2192,8,3960.56,4,4,3
2340,2186,9,4585.4,4,4,4
2341,2194,7,4952.23,4,3,4
2342,2246,2,1647.51,2,1,1
2343,2243,3,3275.66,2,1,3
2344,2228,6,2605.09,2,3,2
2345,2181,4,4609.14,4,1,4
2346,2343,5,3315.32,1,2,3
2347,2268,9,5640.43,2,4,4
2348,2241,4,831.67,2,1,1
2349,2235,5,2500.26,2,2,2
2350,2361,4,766.32,1,1,1
2351,2236,7,4068.23,2,3,3
2352,2217,1,1279.4,3,1,1
2353,2262,10,4842.52,2,4,4
2354,2217,5,3458.15,3,2,3
2355,2251,5,4351.82,2,2,4
2356,2327,4,2674.92,1,1,2
2357,2221,4,2741.81,3,1,2
2358,2184,11,3682.73,4,4,3
2359,2263,8,2688.57,2,4,2
2360,2208,6,4962.2,3,3,4
2361,2203,7,4178.45,3,3,4
2362,2226,3,959.32,3,1,1
2363,2239,6,3222.99,2,3,3
2364,2224,5,4826.5,3,2,4
2365,2182,5,2411.63,4,2,2
2366,2200,5,2554.42,3,2,2
2367,2206,6,4188.12,3,3,4
2368,2255,6,4675.97,2,3,4
2369,2182,8,6854.59,4,4,4
2370,2201,3,1902.53,3,1,2
2371,2274,5,2642.95,1,2,2
2372,2181,9,3031.18,4,4,3
2373,2226,4,2381.74,3,1,2
2374,2195,7,5300.04,4,3,4
2375,2224,7,5641.47,3,3,4
2376,2192,3,1920.43,4,1,2
2377,2188,5,4707.55,4,2,4
2378,2191,5,2777.48,4,2,2
2379,2184,11,8252.73,4,4,4
2380,2223,6,4015.95,3,3,3
2381,2210,7,2731.88,3,3,2
2382,2219,7,1301.43,3,3,1
2383,2202,9,5876.07,3,4,4
2384,2240,6,3796.7,2,3,3
2385,2212,8,4797.13,3,4,4
2386,2193,7,5453.86,4,3,4
2387,2363,2,147.83,1,1,1
2388,2294,7,5387.65,1,3,4
2389,2189,3,1030.19,4,1,1
2390,2250,6,4636.58,2,3,4
2391,2193,10,5862.45,4,4,4
2392,2207,5,1547.88,3,2,1
2393,2303,2,192.97,1,1,1
2394,2271,1,745.94,1,1,1
2395,2243,1,57.73,2,1,1
2396,2181,4,2198.08,4,1,2
2397,2234,9,4002.32,2,4,3
2398,2294,3,746.2,1,1,1
2399,2219,6,2724.93,3,3,2
2400,2200,8,5205.75,3,4,4
2401,2202,8,5804.28,3,4,4
2402,2259,3,788.28,2,1,1
2403,2331,5,965.85,1,2,1
2404,2368,5,2978.25,1,2,3
2405,2226,5,1853.86,3,2,2
2406,2261,4,1341.22,2,1,1
2407,2249,5,1792.39,2,2,1
2408,2205,3,2824.16,3,1,3
2409,2230,7,3077.56,2,3,3
2410,2217,6,3695.73,3,3,3
2411,2404,4,3483.39,1,1,3
2412,2198,6,3903.57,4,3,3
2413,2239,7,4523.23,2,3,4
2414,2185,3,1757.48,4,1,1
2415,2224,5,1844.88,3,2,2
2416,2403,2,300.09,1,1,1
2417,2203,1,451.65,3,1,1
2418,2183,7,5457.09,4,3,4
2419,2232,8,2702.5,2,4,2
2420,2320,3,1749.57,1,1,1
2421,2181,6,409.8,4,3,1
2422,2213,5,2606.6,3,2,2
2423,2240,1,50.66,2,1,1
2424,2248,6,2446.2,2,3,2
2425,2189,9,3921.82,4,4,3
2426,2197,5,3721.5,4,2,3
2427,2184,6,4388.13,4,3,4
2428,2218,8,6011.3,3,4,4
2429,2403,3,2883.65,1,1,3
2430,2296,4,2664.71,1,1,2
2431,2399,2,167.63,1,1,1
2432,2221,5,2073.65,3,2,2
2433,2207,10,5108.66,3,4,4
2434,2181,9,6874.53,4,4,4
2435,2304,5,2656.67,1,2,2
2436,2197,4,1700.17,4,1,1
2437,2379,2,375.02,1,1,1
2438,2208,7,3058.73,3,3,3
2439,2199,6,2615.46,4,3,2
2440,2234,4,1131.8,2,1,1
2441,2209,2,443.53,3,1,1
2442,2261,6,2619.54,2,3,2
2443,2193,6,3040.06,4,3,3
2444,2225,4,3270.22,3,1,3
2445,2198,5,2205.8,4,2,2
2446,2252,7,5417.47,2,3,4
2447,2220,7,3068.18,3,3,3
2448,2187,6,2580.59,4,3,2
2449,2257,5,3150.38,2,2,3
2450,2221,2,2365.93,3,1,2
2451,2198,3,1602.82,4,1,1
2452,2190,4,1147.86,4,1,1
2453,2237,6,2587.8,2,3,2
2454,2210,10,6272.21,3,4,4
2455,2256,8,4737.68,2,4,4
2456,2348,5,2439.35,1,2,2
2457,2233,6,2757.23,2,3,2
2458,2185,7,7756.79,4,3,4
2459,2234,11,4737.3,2,4,4
2460,2231,4,1204.26,2,1,1
2461,2212,6,2067.47,3,3,2
2462,2205,6,3506.54,3,3,3
2463,2245,8,5972.62,2,4,4
2464,2183,13,7817.1,4,4,4
2465,2192,9,4384.09,4,4,4
2466,2200,5,1576.82,3,2,1
2467,2202,5,1961.79,3,2,2
2468,2202,9,6900.79,3,4,4
2469,2201,7,5796.21,3,3,4
2470,2193,4,2823.58,4,1,3
2471,2194,5,2490.66,4,2,2
2472,2266,6,4181,2,3,4
2473,2294,5,2600.73,1,2,2
2474,2245,7,4958.1,2,3,4
2475,2266,7,6245.25,2,3,4
2476,2195,14,7493.23,4,4,4
2477,2221,1,802.26,3,1,1
2478,2295,6,2231.5,1,3,2
2479,2183,6,1732.26,4,3,1
2480,2223,5,3382.4,3,2,3
2481,2201,7,3836.24,3,3,3
2482,2413,3,1400.83,1,1,1
2483,2250,5,969.65,2,2,1
2484,2205,5,2143.01,3,2,2
2485,2185,5,953.05,4,2,1
2486,2410,2,1185.85,1,1,1
2487,2279,4,2180.75,1,1,2
2488,2199,6,2774.48,4,3,2
2489,2221,8,6854.85,3,4,4
2490,2265,4,1474.39,2,1,1
2491,2286,5,1588.9,1,2,1
2492,2188,10,8437.43,4,4,4
2493,2235,3,2303,2,1,2
2494,2276,7,3632.29,1,3,3
2495,2212,8,2232.78,3,4,2
2496,2377,5,707.56,1,2,1
2497,2227,4,2981.39,2,1,3
2498,2188,8,3423.2,4,4,3
2499,2356,3,2160.75,1,1,2
2500,2204,3,766.42,3,1,1
2501,2199,7,1813.87,4,3,2
2502,2195,5,2014.63,4,2,2
2503,2289,4,2609.51,1,1,2
2504,2274,5,3270.94,1,2,3
2505,2193,9,3340.35,4,4,3
2506,2287,4,3636.97,1,1,3
2507,2228,4,3467.88,2,1,3
2508,2237,10,6568.91,2,4,4
2509,2206,8,3812.53,3,4,3
2510,2292,6,5681.3,1,3,4
2511,2213,4,2152.69,3,1,2
2512,2292,6,1594.34,1,3,1
2513,2287,7,3831.16,1,3,3
2514,2227,3,1853.3,2,1,2
2515,2205,3,2628.42,3,1,2
2516,2264,3,825.25,2,1,1
2517,2326,3,2945.85,1,1,3
2518,2251,5,4636.72,2,2,4
2519,2289,4,456.63,1,1,1
2520,2192,5,2283.55,4,2,2
2521,2389,3,2105.39,1,1,2
2522,2205,7,2744.89,3,3,2
2523,2195,9,4572.03,4,4,4
2524,2365,6,2222.37,1,3,2
2525,2484,1,217.51,1,1,1
2526,2234,6,2467.14,2,3,2
2527,2221,7,4600.01,3,3,4
2528,2206,7,4870.35,3,3,4
2529,2279,7,4083.33,1,3,3
2530,2190,6,1691.11,4,3,1
2531,2186,7,3162.37,4,3,3
2532,2321,1,17.87,1,1,1
2533,2199,3,1710.62,4,1,1
2534,2226,7,1900.93,3,3,2
2535,2195,6,3065.02,4,3,3
2536,2188,6,4622.41,4,3,4
2537,2203,11,6157.03,3,4,4
2538,2216,9,5949.92,3,4,4
2539,2221,5,2862.41,3,2,3
2540,2201,7,3511.36,3,3,3
2541,2201,2,1918.88,3,1,2
2542,2224,7,6559.26,3,3,4
2543,2203,4,4303.86,3,1,4
2544,2213,6,3044.8,3,3,3
2545,2298,3,1970.78,1,1,2
2546,2200,4,974.54,3,1,1
2547,2365,3,703.83,1,1,1
2548,2184,13,6085.99,4,4,4
2549,2238,4,2211.56,2,1,2
2550,2192,5,3128.27,4,2,3
2551,2446,4,2445.3,1,1,2
2552,2216,6,4292.35,3,3,4
2553,2331,4,2686.12,1,1,2
2554,2240,5,2883.96,2,2,3
2555,2182,5,5495.54,4,2,4
2556,2195,2,419.68,4,1,1
2557,2211,3,4540.47,3,1,4
2558,2213,4,2907.42,3,1,3
2559,2193,6,2187.2,4,3,2
2560,2226,11,5595.44,3,4,4
2561,2182,4,4283.02,4,1,4
2562,2282,7,3848.22,1,3,3
2563,2238,5,1715.61,2,2,1
2564,2228,5,1144.35,2,2,1
2565,2210,9,7496.36,3,4,4
2566,2198,10,3154.78,4,4,3
2567,2252,4,1829.58,2,1,2
2568,2253,4,1232.95,2,1,1
2569,2256,7,3935.08,2,3,3
2570,2274,8,4420.45,1,4,4
2571,2226,3,2222.29,3,1,2
2572,2260,8,4558.42,2,4,4
2573,2195,4,2007.83,4,1,2
2574,2208,9,6049.59,3,4,4
2575,2191,5,2118,4,2,2
2576,2259,7,2522.18,2,3,2
2577,2274,6,2095.22,1,3,2
2578,2219,4,1955.78,3,1,2
2579,2230,3,788.5,2,1,1
2580,2245,8,5690.45,2,4,4
2581,2315,5,3541.7,1,2,3
2582,2233,5,2912.81,2,2,3
2583,2273,4,2652.07,1,1,2
2584,2219,5,2208.24,3,2,2
2585,2186,7,3498.11,4,3,3
2586,2200,3,1145.04,3,1,1
2587,2245,9,4776.43,2,4,4
2588,2359,3,3493.49,1,1,3
2589,2248,5,3494.16,2,2,3
2590,2231,6,5483,2,3,4
2591,2223,6,5839.22,3,3,4
2592,2218,8,6490.3,3,4,4
2593,2241,4,937.82,2,1,1
2594,2272,6,4895.55,1,3,4
2595,2225,8,4631.38,3,4,4
2596,2253,5,3854.79,2,2,3
2597,2186,6,4017.66,4,3,3
2598,2268,5,3931.13,2,2,3
2599,2234,6,2866.09,2,3,3
2600,2352,3,3233.77,1,1,3
2601,2217,8,4582.12,3,4,4
2602,2252,8,4240.08,2,4,4
2603,2195,7,4657.99,4,3,4
2604,2267,6,2795.79,2,3,3
2605,2296,5,4346.57,1,2,4
2606,2186,10,4718.43,4,4,4
2607,2186,8,1943.51,4,4,2
2608,2198,7,1553.46,4,3,1
2609,2368,7,2569.94,1,3,2
2610,2293,8,5598.91,1,4,4
2611,2183,7,2609.86,4,3,2
2612,2390,2,1145.41,1,1,1
2613,2279,5,2848.79,1,2,3
2614,2201,4,3002.51,3,1,3
2615,2236,9,5517.12,2,4,4
2616,2223,11,6417.95,3,4,4
2617,2307,7,6814.22,1,3,4
2618,2188,10,3007.93,4,4,3
2619,2257,2,2659.57,2,1,2
2620,2211,8,4919.55,3,4,4
2621,2190,7,3235.99,4,3,3
2622,2197,7,3800.03,4,3,3
2623,2191,4,3633.61,4,1,3
2624,2208,4,2083.56,3,1,2
2625,2265,4,1764.47,2,1,1
2626,2222,4,2023.95,3,1,2
2627,2214,6,4375.27,3,3,4
2628,2354,4,1808.92,1,1,2
2629,2225,6,5174.88,3,3,4
2630,2243,10,4794.58,2,4,4
2631,2208,3,866.46,3,1,1
2632,2188,4,4100.59,4,1,3
2633,2196,8,3679,4,4,3
2634,2370,3,798.28,1,1,1
2635,2249,8,5178.56,2,4,4
2636,2211,3,407.96,3,1,1
2637,2235,11,11222.65,2,4,4
2638,2264,9,4047.25,2,4,3
2639,2212,5,3676.22,3,2,3
2640,2248,11,4246.56,2,4,4
2641,2192,7,2661.43,4,3,2
2642,2201,2,1915.87,3,1,2
2643,2235,3,348.09,2,1,1
2644,2241,2,1607.27,2,1,1
2645,2213,6,1500.81,3,3,1
2646,2300,5,2013.52,1,2,2
2647,2193,8,3924.98,4,4,3
2648,2216,5,4384.85,3,2,4
2649,2310,4,3870.96,1,1,3
2650,2206,6,2394.82,3,3,2
2651,2196,8,6148.63,4,4,4
2652,2204,5,5319.91,3,2,4
2653,2184,9,7365.48,4,4,4
2654,2289,9,5504.95,1,4,4
2655,2338,6,4527.94,1,3,4
2656,2319,7,4142.75,1,3,4
2657,2363,3,2648.85,1,1,2
2658,2217,5,1329.09,3,2,1
2659,2181,12,8143.93,4,4,4
2661,2189,5,3638.75,4,2,3
2662,2243,9,6500.3,2,4,4
2663,2345,5,2037.02,1,2,2
2664,2315,7,3303.71,1,3,3
2665,2211,3,3383.62,3,1,3
2666,2437,4,1424.82,1,1,1
2667,2279,5,2515.43,1,2,2
2668,2242,5,1542.41,2,2,1
2669,2229,3,1280.07,2,1,1
2670,2239,3,1311.39,2,1,1
2671,2281,7,3015.83,1,3,3
2672,2196,8,2415.16,4,4,2
2673,2271,5,1142.54,1,2,1
2674,2225,5,3478.14,3,2,3
2675,2276,5,2643.24,1,2,2
2676,2186,6,2943.88,4,3,3
2677,2208,5,1891.72,3,2,2
2678,2294,5,2932.34,1,2,3
2679,2266,6,3337.87,2,3,3
2680,2197,9,3560.18,4,4,3
2681,2231,5,2561.48,2,2,2
2682,2219,8,3092.62,3,4,3
2683,2197,6,4760.68,4,3,4
2684,2219,9,6337.4,3,4,4
2685,2225,6,3039.47,3,3,3
2686,2205,11,6119.73,3,4,4
2687,2198,7,3107.24,4,3,3
2688,2269,3,1017.75,1,1,1
2689,2182,5,1614.96,4,2,1
2690,2290,4,1082.15,1,1,1
2691,2241,8,3088.92,2,4,3
2692,2221,3,854.24,3,1,1
2693,2182,6,2772.31,4,3,2
2694,2210,4,1536.9,3,1,1
2695,2185,8,8104.58,4,4,4
2696,2332,4,4142.87,1,1,4
2697,2214,7,4623.16,3,3,4
2698,2193,7,3987.65,4,3,3
2699,2241,5,1757.44,2,2,1
2700,2252,4,1652.12,2,1,1
2701,2233,9,4863.47,2,4,4
2702,2200,8,7613.27,3,4,4
2703,2200,7,3679.59,3,3,3
2704,2416,3,513.58,1,1,1
2705,2183,8,5470.7,4,4,4
2706,2304,3,1343.61,1,1,1
2707,2224,3,1323.22,3,1,1
2708,2192,3,1879.32,4,1,2
2709,2183,5,2115.35,4,2,2
2710,2189,4,977.41,4,1,1
2711,2244,6,2814.87,2,3,3
2712,2197,6,4116.13,4,3,3
2713,2181,2,755.3,4,1,1
2714,2189,5,1252.46,4,2,1
2715,2285,5,3221.81,1,2,3
2716,2324,4,1036.05,1,1,1
2717,2222,9,4465.46,3,4,4
2718,2402,7,3783.3,1,3,3
2719,2191,3,1101.08,4,1,1
2720,2329,4,902.04,1,1,1
2721,2295,2,1655.42,1,1,1
2722,2254,6,1950.52,2,3,2
2723,2221,8,6591,3,4,4
2724,2323,4,1980.71,1,1,2
2725,2357,4,353.35,1,1,1
2726,2208,9,5184.97,3,4,4
2727,2230,5,4757.21,2,2,4
2728,2188,8,4054.59,4,4,3
2729,2187,6,5280.35,4,3,4
2730,2185,7,1604.23,4,3,1
2731,2184,4,1513.52,4,1,1
2732,2197,9,2787.95,4,4,2
2733,2209,9,7827.41,3,4,4
2734,2236,3,999.03,2,1,1
2735,2329,2,836.04,1,1,1
2736,2223,5,2449.81,3,2,2
2737,2186,9,5371.57,4,4,4
2738,2240,5,1252.96,2,2,1
2739,2423,2,456.42,1,1,1
2740,2207,8,4905.53,3,4,4
2741,2200,3,2316.34,3,1,2
2742,2276,3,2031.17,1,1,2
2743,2227,2,1428.62,2,1,1
2744,2306,3,1264.73,1,1,1
2745,2448,2,2772.1,1,1,2
2746,2189,3,2316.34,4,1,2
2747,2195,8,6371.15,4,4,4
2748,2187,4,2059.83,4,1,2
2749,2215,1,327.98,3,1,1
2750,2223,11,5964.05,3,4,4
2751,2184,8,3819.81,4,4,3
2752,2193,4,3250.72,4,1,3
2753,2248,11,5203.18,2,4,4
2754,2367,3,3273.01,1,1,3
2755,2209,11,4904.13,3,4,4
2756,2237,3,380.7,2,1,1
2757,2325,3,3030.83,1,1,3
2758,2260,3,670.15,2,1,1
2759,2291,5,3775.9,1,2,3
2760,2212,4,1617.96,3,1,1
2761,2188,9,5082.02,4,4,4
2762,2197,9,8237.49,4,4,4
2763,2200,9,2910.2,3,4,3
2764,2232,3,593.56,2,1,1
2765,2227,6,2995.18,2,3,3
2766,2228,6,6233.3,2,3,4
2767,2229,3,803.97,2,1,1
2768,2204,6,3420.58,3,3,3
2769,2227,6,4177.84,2,3,4
2770,2211,9,10028.8,3,4,4
2771,2225,5,4754.2,3,2,4
2772,2206,5,2446.21,3,2,2
2773,2185,4,2293.13,4,1,2
2774,2265,5,1542.68,2,2,1
2775,2193,6,1922.19,4,3,2
2776,2227,3,683.37,2,1,1
2777,2284,6,3307.11,1,3,3
2778,2190,5,3348.47,4,2,3
2779,2192,5,3277.58,4,2,3
2780,2183,5,3092.12,4,2,3
2781,2254,4,1289.35,2,1,1
2782,2351,5,3450.83,1,2,3
2783,2254,11,2757.77,2,4,2
2784,2255,3,1075.06,2,1,1
2785,2226,6,3411.62,3,3,3
2786,2184,6,2718.29,4,3,2
2787,2218,6,6153,3,3,4
2788,2225,11,9061.47,3,4,4
2789,2205,2,549.09,3,1,1
2790,2258,3,903.66,2,1,1
2791,2195,6,5887.66,4,3,4
2792,2399,3,1888.83,1,1,2
2793,2215,7,3730.38,3,3,3
2794,2186,7,6417.06,4,3,4
2795,2406,2,1208.31,1,1,1
2796,2189,7,3816.43,4,3,3
2797,2256,6,1112.73,2,3,1
2798,2335,5,799.85,1,2,1
2799,2210,8,5460.14,3,4,4
2800,2222,5,352.23,3,2,1
2801,2203,5,1567.09,3,2,1
2802,2353,3,456.18,1,1,1
2803,2211,6,2743.41,3,3,2
2804,2239,7,3495.92,2,3,3
2805,2184,5,4721.49,4,2,4
2806,2249,8,3420.13,2,4,3
2807,2534,1,133.78,1,1,1
2808,2187,5,5190.91,4,2,4
2809,2264,3,1182.96,2,1,1
2810,2243,6,1185.76,2,3,1
2811,2206,5,2448.48,3,2,2
2812,2268,6,4558.55,2,3,4
2813,2385,4,2395.43,1,1,2
2814,2194,4,3232.82,4,1,3
2815,2208,9,4895.82,3,4,4
2816,2189,10,5878.47,4,4,4
2817,2196,3,1616.56,4,1,1
2818,2280,4,3700.78,1,1,3
2819,2343,4,2500.31,1,1,2
2820,2239,7,4695.94,2,3,4
2821,2232,5,1471.91,2,2,1
2822,2192,8,5340.29,4,4,4
2823,2193,4,1636.08,4,1,1
2824,2303,6,5278.02,1,3,4
2825,2293,4,1854.53,1,1,2
2826,2192,12,6755.16,4,4,4
2827,2288,5,2208.89,1,2,2
2828,2296,2,262.53,1,1,1
2829,2325,2,1747.08,1,1,1
2830,2276,5,2490.76,1,2,2
2831,2195,5,3975.17,4,2,3
2832,2204,8,3531.57,3,4,3
2833,2197,6,2638.92,4,3,2
2834,2247,3,2115.86,2,1,2
2835,2409,3,328.77,1,1,1
2836,2194,9,4508.75,4,4,4
2837,2222,7,3171.39,3,3,3
2838,2196,3,1554.34,4,1,1
2839,2198,8,2693.04,4,4,2
2840,2197,4,811.67,4,1,1
2841,2197,7,6522.28,4,3,4
2842,2220,3,1410.6,3,1,1
2843,2201,6,4117.49,3,3,3
2844,2204,6,3710.17,3,3,3
2845,2228,8,2497.72,2,4,2
2846,2196,3,799.32,4,1,1
2847,2225,7,4509.11,3,3,4
2848,2194,4,3121.17,4,1,3
2849,2296,4,1549.82,1,1,1
2850,2188,8,5043.07,4,4,4
2851,2190,8,4113.78,4,4,3
2852,2206,6,3954,3,3,3
2853,2262,8,4610.6,2,4,4
2854,2264,3,2292.91,2,1,2
2855,2220,2,63.83,3,1,1
2856,2187,7,5583.33,4,3,4
2857,2294,6,5373.63,1,3,4
2858,2289,4,3119.32,1,1,3
2859,2191,8,4153.82,4,4,4
2860,2189,9,8357.7,4,4,4
2861,2254,8,4518.27,2,4,4
2862,2195,5,1870.13,4,2,2
2863,2356,1,167.21,1,1,1
2864,2198,4,3023,4,1,3
2865,2181,7,5283.91,4,3,4
2866,2259,4,2443.57,2,1,2
2867,2276,5,1087.18,1,2,1
2868,2206,4,2129.53,3,1,2
2869,2297,6,1914.91,1,3,2
2870,2290,2,135.9,1,1,1
2871,2201,6,2345.94,3,3,2
2872,2205,7,3109.93,3,3,3
2873,2285,3,2127.43,1,1,2
2874,2241,11,7910.31,2,4,4
2875,2216,4,3231.91,3,1,3
2877,2222,9,4947.27,3,4,4
2878,2181,3,784.91,4,1,1
2879,2195,8,5572.11,4,4,4
2880,2199,8,4772.56,4,4,4
2881,2253,6,3646.67,2,3,3
2882,2475,2,1486.38,1,1,1
2883,2230,7,5553.21,2,3,4
2884,2195,8,3957.41,4,4,3
2885,2275,9,4839.41,1,4,4
2886,2220,8,4022.79,3,4,3
2887,2205,9,6202.9,3,4,4
2888,2210,6,5055.73,3,3,4
2889,2286,5,4722.62,1,2,4
2890,2267,7,3978.89,2,3,3
2891,2243,7,4629.95,2,3,4
2892,2193,5,4015.02,4,2,3
2893,2240,3,3533.56,2,1,3
2894,2267,9,7544.08,2,4,4
2895,2439,2,950.56,1,1,1
2896,2375,2,1319.83,1,1,1
2897,2227,5,2828.37,2,2,3
2898,2259,4,2343,2,1,2
2899,2211,6,2554.49,3,3,2
2900,2242,3,2041.2,2,1,2
2901,2219,7,5850.34,3,3,4
2902,2377,2,899.76,1,1,1
2903,2207,3,1370.8,3,1,1
2904,2204,7,3163.39,3,3,3
2905,2189,4,689.79,4,1,1
2906,2226,4,1408.35,3,1,1
2907,2255,7,5213.35,2,3,4
2908,2182,6,2066.49,4,3,2
2909,2264,7,4644.23,2,3,4
2910,2268,7,2752.29,2,3,2
2911,2464,2,687.51,1,1,1
2912,2227,13,8835.01,2,4,4
2913,2270,6,1548.65,1,3,1
2914,2193,12,6835.96,4,4,4
2915,2214,7,1661.98,3,3,1
2916,2205,7,2509.8,3,3,2
2917,2329,5,3758.87,1,2,3
2918,2232,7,3469.6,2,3,3
2919,2202,6,3489.33,3,3,3
2920,2280,2,1774.7,1,1,1
2921,2238,5,2718.28,2,2,2
2922,2182,5,3257.52,4,2,3
2923,2194,7,3149.25,4,3,3
2924,2245,6,2561.67,2,3,2
2925,2274,5,2770.16,1,2,2
2926,2324,4,1341.68,1,1,1
2927,2280,3,2440.02,1,1,2
2928,2356,5,3739.81,1,2,3
2929,2182,9,6692.39,4,4,4
2930,2252,6,3166.93,2,3,3
2931,2238,6,1700.55,2,3,1
2932,2200,10,5823.71,3,4,4
2933,2276,5,1241.68,1,2,1
2934,2242,6,3777.26,2,3,3
2935,2187,7,2017.18,4,3,2
2936,2240,7,5550.62,2,3,4
2937,2188,7,6294.38,4,3,4
2938,2306,5,4655.53,1,2,4
2939,2271,4,1600.41,1,1,1
2940,2275,7,4384.62,1,3,4
2941,2353,5,2769.25,1,2,2
2942,2190,8,3872.23,4,4,3
2943,2233,6,1991.84,2,3,2
2944,2211,6,1458.81,3,3,1
2945,2230,3,397.23,2,1,1
2946,2212,10,3823.38,3,4,3
2947,2195,5,3764.83,4,2,3
2948,2292,5,2670.13,1,2,2
2949,2194,3,952.9,4,1,1
2950,2256,3,645.99,2,1,1
2951,2266,9,4729.73,2,4,4
2952,2208,5,2543.89,3,2,2
2953,2256,5,2881.21,2,2,3
2954,2187,5,2244.83,4,2,2
2955,2200,8,4306.13,3,4,4
2956,2278,7,2683.67,1,3,2
2957,2279,3,2844.83,1,1,3
2958,2185,6,1850.99,4,3,2
2959,2315,3,1835.26,1,1,2
2960,2269,3,2935.67,1,1,3
2961,2183,6,6234.87,4,3,4
2962,2258,3,444.65,2,1,1
2963,2394,4,1130.39,1,1,1
2964,2349,2,2411.89,1,1,2
2965,2271,6,2422.72,1,3,2
2966,2213,5,2629.22,3,2,2
2967,2191,3,2466.28,4,1,2
2968,2352,7,1644.27,1,3,1
2969,2192,6,2998.03,4,3,3
2970,2279,4,1111.11,1,1,1
2971,2208,3,1511.32,3,1,1
2972,2237,4,1188.88,2,1,1
2973,2274,4,2016.03,1,1,2
2974,2340,2,255.19,1,1,1
2975,2350,3,2020.68,1,1,2
2976,2187,4,3521.63,4,1,3
2977,2190,5,1936.24,4,2,2
2978,2328,3,827.71,1,1,1
2979,2295,4,2582.78,1,1,2
2980,2196,6,2573.04,4,3,2
2981,2233,6,1260.26,2,3,1
2982,2298,7,6366.75,1,3,4
2983,2310,5,3344.17,1,2,3
2984,2339,4,3820.01,1,1,3
2985,2219,10,6308.16,3,4,4
2986,2209,8,4271.8,3,4,4
2987,2233,4,2029.31,2,1,2
2988,2213,8,3034.97,3,4,3
2989,2251,9,6845.06,2,4,4
2990,2195,7,2584.69,4,3,2
2991,2256,6,2602.52,2,3,2
2992,2190,8,6871.54,4,4,4
2993,2190,8,5400.88,4,4,4
2994,2196,3,179.84,4,1,1
2995,2191,5,3066.68,4,2,3
2996,2202,3,1751.72,3,1,1
2997,2212,6,2035.02,3,3,2
2998,2247,3,2511.7,2,1,2
2999,2189,11,8095.2,4,4,4
3000,2223,4,3354.27,3,1,3
3001,2285,4,3378.57,1,1,3
3002,2225,6,1784.32,3,3,1
3003,2292,9,5168.14,1,4,4
3004,2294,5,3550.04,1,2,3
3005,2370,3,2602.31,1,1,2
3006,2211,4,3901.96,3,1,3
3007,2184,7,4500.3,4,3,4
3008,2186,6,3216.01,4,3,3
3009,2269,4,2250.3,1,1,2
3010,2291,5,2413.32,1,2,2
3011,2216,4,1349.76,3,1,1
3012,2184,6,6440.13,4,3,4
3013,2185,9,3849.19,4,4,3
3014,2200,9,4656.84,3,4,4
3015,2227,9,6616.36,2,4,4
3016,2181,5,4253.5,4,2,4
3017,2357,4,3281.67,1,1,3
3018,2200,5,1798.21,3,2,2
3019,2245,3,1138.54,2,1,1
3020,2203,11,2638.1,3,4,2
3021,2241,7,2943.78,2,3,3
3022,2212,5,2614.37,3,2,2
3023,2313,4,661.94,1,1,1
3024,2231,1,1660.88,2,1,1
3025,2306,2,1652.3,1,1,1
3026,2273,5,1434.95,1,2,1
3027,2212,5,1393.66,3,2,1
3028,2234,4,2978.23,2,1,3
3029,2302,4,1922.75,1,1,2
3030,2205,7,2713.38,3,3,2
3031,2183,5,2910.87,4,2,3
3032,2221,7,6183.31,3,3,4
3033,2339,2,1418.21,1,1,1
3034,2229,5,2661.28,2,2,2
3035,2219,5,2429.16,3,2,2
3036,2337,5,3750.72,1,2,3
3037,2366,3,1404.96,1,1,1
3038,2227,6,3194.93,2,3,3
3039,2250,9,4762.49,2,4,4
3040,2526,1,1702.55,1,1,1
3041,2305,2,1211.57,1,1,1
3042,2192,6,1629.25,4,3,1
3043,2192,4,2535.47,4,1,2
3044,2185,9,5793.33,4,4,4
3045,2246,5,4393.86,2,2,4
3046,2409,4,3172.13,1,1,3
3047,2215,5,3909.14,3,2,3
3048,2185,12,6996.35,4,4,4
3049,2224,3,1833.49,3,1,2
3050,2247,9,6353.12,2,4,4
3051,2321,4,2117.44,1,1,2
3052,2235,2,666.31,2,1,1
3053,2374,4,2338.53,1,1,2
3054,2183,5,3330.78,4,2,3
3055,2239,10,5955.54,2,4,4
3056,2200,4,1246.69,3,1,1
3057,2209,7,5049.14,3,3,4
3058,2205,5,5935.45,3,2,4
3059,2323,2,2731.31,1,1,2
3060,2210,11,5684.73,3,4,4
3061,2240,9,3232.76,2,4,3
3062,2227,6,2857.68,2,3,3
3063,2273,4,263.28,1,1,1
3064,2236,7,2410.92,2,3,2
3065,2186,5,1367.38,4,2,1
3066,2345,4,1516.28,1,1,1
3067,2220,6,3575.9,3,3,3
3068,2260,6,3084.65,2,3,3
3069,2251,3,1775.48,2,1,1
3070,2300,4,399.21,1,1,1
3071,2339,4,473.43,1,1,1
3072,2248,7,3373.78,2,3,3
3073,2432,3,1264.33,1,1,1
3074,2191,7,4781.58,4,3,4
3075,2262,6,2741.29,2,3,2
3076,2390,4,1904.31,1,1,2
3077,2197,7,3672.15,4,3,3
3078,2350,3,1750.43,1,1,1
3079,2312,4,1903.52,1,1,2
3080,2185,9,4665.71,4,4,4
3081,2287,6,5502.82,1,3,4
3082,2197,5,1742.13,4,2,1
3083,2250,6,2308.56,2,3,2
3084,2196,6,3082.9,4,3,3
3085,2206,4,1493.41,3,1,1
3086,2192,9,5713.88,4,4,4
3087,2265,6,3708.87,2,3,3
3088,2184,7,2487.23,4,3,2
3089,2208,4,3618.44,3,1,3
3090,2379,5,3132.29,1,2,3
3091,2488,2,1323.12,1,1,1
3092,2341,3,920.72,1,1,1
3093,2249,9,2964.62,2,4,3
3094,2342,7,2859.96,1,3,3
3095,2217,5,2799.49,3,2,3
3096,2196,3,2717.1,4,1,2
3097,2241,3,2427.07,2,1,2
3098,2219,4,2968.25,3,1,3
3099,2264,2,2079.57,2,1,2
3100,2201,4,3919.57,3,1,3
3101,2242,3,470.8,2,1,1
3102,2287,4,2883.51,1,1,3
3103,2240,8,5040.88,2,4,4
3104,2230,5,3491.38,2,2,3
3105,2191,6,4916.08,4,3,4
3106,2380,4,2146.56,1,1,2
3107,2276,3,3113.13,1,1,3
3108,2234,7,5916.21,2,3,4
3109,2350,5,3080.63,1,2,3
3110,2198,3,1429.54,4,1,1
3111,2229,4,1381.19,2,1,1
3112,2192,8,3035.96,4,4,3
3113,2290,8,4144.86,1,4,4
3114,2184,4,1942.45,4,1,2
3115,2376,5,4020.91,1,2,3
3116,2279,5,1646.29,1,2,1
3117,2206,9,8531.16,3,4,4
3118,2193,9,6243.82,4,4,4
3119,2186,4,2330.39,4,1,2
3120,2201,7,4179.11,3,3,4
3121,2229,6,3164.13,2,3,3
3122,2324,4,3903.03,1,1,3
3123,2181,4,1248.49,4,1,1
3124,2219,3,401.5,3,1,1
3125,2190,4,1702.43,4,1,1
3126,2221,8,4916.64,3,4,4
3127,2216,4,3898.5,3,1,3
3128,2285,5,3687.54,1,2,3
3129,2197,5,3590.37,4,2,3
3130,2181,5,3792.78,4,2,3
3131,2198,8,2725.76,4,4,2
3132,2204,5,3426.54,3,2,3
3133,2192,6,2323.16,4,3,2
3134,2245,7,7491.11,2,3,4
3135,2302,7,3983.97,1,3,3
3136,2206,4,1210.21,3,1,1
3137,2297,6,1545.83,1,3,1
3138,2250,4,3168.15,2,1,3
3139,2192,3,1783.8,4,1,1
3140,2221,3,673.21,3,1,1
3141,2251,7,1696.39,2,3,1
3142,2193,4,900,4,1,1
3143,2201,11,3361.84,3,4,3
3144,2245,3,665.17,2,1,1
3145,2249,6,4067.64,2,3,3
3146,2235,8,6856.09,2,4,4
3147,2184,6,1273.08,4,3,1
3148,2236,6,3460.33,2,3,3
3149,2203,3,2036.78,3,1,2
3150,2268,7,1234.13,2,3,1
3151,2194,9,2916.57,4,4,3
3152,2192,6,2168.41,4,3,2
3153,2308,5,4732.48,1,2,4
3154,2195,7,2243.1,4,3,2
3155,2224,4,1250.08,3,1,1
3156,2185,3,311.61,4,1,1
3157,2191,8,4886.13,4,4,4
3158,2197,6,2532.4,4,3,2
3159,2206,2,3222.44,3,1,3
3160,2233,4,2307.21,2,1,2
3161,2264,1,198.22,2,1,1
3162,2291,2,2133.88,1,1,2
3163,2195,6,1496.78,4,3,1
3164,2279,5,2601.59,1,2,2
3165,2258,8,3167.89,2,4,3
3166,2228,7,5155.63,2,3,4
3167,2254,3,2208.52,2,1,2
3168,2272,4,5170.51,1,1,4
3169,2181,7,4539.95,4,3,4
3170,2225,6,4344.71,3,3,4
3171,2256,3,2072.72,2,1,2
3172,2236,4,676.98,2,1,1
3173,2226,6,4681.85,3,3,4
3174,2205,6,2346.62,3,3,2
3175,2441,3,1801.14,1,1,2
3176,2205,9,2701.29,3,4,2
3177,2249,6,2090.99,2,3,2
3178,2210,5,4339.76,3,2,4
3179,2449,1,459.46,1,1,1
3180,2326,2,1189.2,1,1,1
3181,2190,6,5001,4,3,4
3182,2265,4,909.45,2,1,1
3183,2192,8,2059.05,4,4,2
3184,2249,8,5310.3,2,4,4
3185,2199,7,1939.76,4,3,2
3186,2200,5,4279.33,3,2,4
3187,2244,5,1034.7,2,2,1
3188,2297,5,1363.16,1,2,1
3189,2237,2,50.18,2,1,1
3190,2273,8,2529.3,1,4,2
3191,2188,8,5673.64,4,4,4
3192,2369,4,2865.09,1,1,3
3193,2191,6,2362.31,4,3,2
3194,2267,3,2310.75,2,1,2
3195,2230,8,3143.73,2,4,3
3196,2231,7,2929.01,2,3,3
3197,2184,5,2762.32,4,2,2
3198,2282,4,3989.35,1,1,3
3199,2194,8,6329.52,4,4,4
3200,2220,5,1001.75,3,2,1
3201,2202,7,5655.87,3,3,4
3202,2192,8,4083.36,4,4,3
3203,2188,3,1744.21,4,1,1
3204,2215,9,3570.01,3,4,3
3205,2277,6,2261.79,1,3,2
3206,2256,7,2991.01,2,3,3
3207,2262,5,1263.28,2,2,1
3208,2234,8,4121.17,2,4,4
3209,2190,4,1732.03,4,1,1
3210,2190,5,2023.69,4,2,2
3211,2216,3,2302.94,3,1,2
3212,2280,7,7666.65,1,3,4
3213,2249,5,2122.62,2,2,2
3214,2249,4,2969.77,2,1,3
3215,2247,7,7247.33,2,3,4
3216,2181,4,1236.19,4,1,1
3217,2189,11,5564.08,4,4,4
3218,2397,5,1526.81,1,2,1
3219,2208,8,2096.27,3,4,2
3220,2221,8,4304.22,3,4,4
3221,2292,9,4743.61,1,4,4
3222,2196,2,808.85,4,1,1
3223,2216,7,4540.47,3,3,4
3224,2232,9,4001.52,2,4,3
3225,2189,7,4805.02,4,3,4
3226,2201,4,366.05,3,1,1
3227,2184,6,3386.57,4,3,3
3228,2221,7,5814.45,3,3,4
3230,2250,5,3890,2,2,3
3231,2182,7,3569.02,4,3,3
3232,2189,13,8903.62,4,4,4
3233,2261,3,781.46,2,1,1
3234,2330,2,943.2,1,1,1
3235,2403,1,574.62,1,1,1
3237,2357,7,3919.85,1,3,3
3238,2210,5,2076.89,3,2,2
3239,2183,6,1768.67,4,3,1
3240,2219,10,5534.52,3,4,4
3241,2188,6,3695.15,4,3,3
3242,2230,7,8252.69,2,3,4
3243,2344,4,1202.87,1,1,1
3244,2202,4,1007.13,3,1,1
3245,2274,6,1935.51,1,3,2
3246,2280,5,1947.8,1,2,2
3247,2225,8,3802.55,3,4,3
3248,2239,4,872.39,2,1,1
3249,2214,7,6210.72,3,3,4
3250,2266,6,2762.53,2,3,2
3251,2188,11,6264.88,4,4,4
3252,2199,7,2574.5,4,3,2
3253,2186,3,4031.65,4,1,3
3254,2212,6,1592.05,3,3,1
3255,2183,6,5322.56,4,3,4
3256,2193,10,7287.87,4,4,4
3257,2187,3,2064.46,4,1,2
3258,2198,8,4821.9,4,4,4
3259,2213,2,421.01,3,1,1
3260,2305,3,1938.37,1,1,2
3261,2219,6,4363.99,3,3,4
3262,2182,10,4290.81,4,4,4
3263,2204,5,843.71,3,2,1
3264,2204,8,4240.24,3,4,4
3265,2269,7,741.13,1,3,1
3266,2252,7,2269.93,2,3,2
3267,2269,6,4449.68,1,3,4
3268,2313,6,4250.46,1,3,4
3269,2216,4,1892.56,3,1,2
3270,2303,5,2201.06,1,2,2
3271,2271,4,1783.14,1,1,1
3272,2476,1,41.13,1,1,1
3273,2246,7,6133.65,2,3,4
3274,2211,5,1519.4,3,2,1
3275,2185,4,1581.05,4,1,1
3276,2261,5,3655.39,2,2,3
3277,2218,5,2535.98,3,2,2
3278,2203,5,3216.13,3,2,3
3279,2478,1,690.49,1,1,1
3280,2315,8,6881.08,1,4,4
3281,2240,2,987.82,2,1,1
3282,2197,4,2504.28,4,1,2
3283,2225,6,4368.41,3,3,4
3284,2459,6,2969.04,1,3,3
3285,2200,6,3092.14,3,3,3
3286,2190,11,5817.44,4,4,4
3287,2257,3,3199.1,2,1,3
3288,2213,6,4430.64,3,3,4
3289,2250,5,3476.23,2,2,3
3290,2183,8,6520.13,4,4,4
3291,2227,4,2199.04,2,1,2
3292,2482,1,15.08,1,1,1
3293,2181,5,3649.71,4,2,3
3294,2243,4,2826.89,2,1,3
3295,2200,8,5246.61,3,4,4
3296,2245,11,4920.72,2,4,4
3297,2239,6,1521.43,2,3,1
3298,2185,5,4214.38,4,2,4
3299,2211,5,2747.57,3,2,2
3300,2196,6,3936.44,4,3,3
3301,2223,5,1929.78,3,2,2
3302,2201,4,1428.22,3,1,1
3303,2201,5,2547.01,3,2,2
3304,2259,10,4236.21,2,4,4
3305,2220,2,124.79,3,1,1
3306,2221,5,3473.13,3,2,3
3307,2197,5,4311.99,4,2,4
3308,2248,3,953.15,2,1,1
3309,2205,5,2221.5,3,2,2
3310,2232,5,3121.04,2,2,3
3311,2246,4,1705.39,2,1,1
3312,2187,4,3123.03,4,1,3
3313,2235,6,2082.46,2,3,2
3314,2239,6,2561.12,2,3,2
3315,2182,7,4892.17,4,3,4
3316,2201,2,1924.03,3,1,2
3317,2268,4,1213.31,2,1,1
3318,2332,4,3633.95,1,1,3
3319,2203,7,2464.61,3,3,2
3320,2318,10,2739.5,1,4,2
3321,2277,3,324.78,1,1,1
3322,2322,3,1066.19,1,1,1
3323,2371,3,1142.75,1,1,1
3324,2212,7,2986.96,3,3,3
3325,2226,5,3028.2,3,2,3
3326,2210,13,10422.04,3,4,4
3327,2237,7,3615.58,2,3,3
3328,2221,4,2068.3,3,1,2
3329,2199,4,2083.26,4,1,2
3330,2203,8,3445.49,3,4,3
3331,2217,5,3159.58,3,2,3
3332,2186,6,2799.26,4,3,3
3333,2372,5,1911.08,1,2,2
3334,2254,8,2428.32,2,4,2
3335,2184,6,2679.58,4,3,2
3336,2255,6,5824.48,2,3,4
3337,2187,8,4608,4,4,4
3338,2185,3,1141.41,4,1,1
3339,2219,5,1119.95,3,2,1
3340,2294,6,2364.51,1,3,2
3341,2230,4,921.62,2,1,1
3342,2281,7,2820.79,1,3,3
3343,2259,5,1294.66,2,2,1
3344,2191,7,3962.06,4,3,3
3345,2212,5,1367,3,2,1
3346,2229,3,1511.57,2,1,1
3347,2288,5,2978.04,1,2,3
3348,2310,3,1136.03,1,1,1
3349,2402,5,2496.51,1,2,2
3350,2219,6,5796.16,3,3,4
3351,2220,6,3138.49,3,3,3
3352,2218,6,2788.69,3,3,2
3353,2211,7,2608.46,3,3,2
3354,2363,2,1860.56,1,1,2
3355,2181,5,2464.61,4,2,2
3356,2185,5,2799.7,4,2,3
3357,2216,4,1441,3,1,1
3358,2218,6,4447.21,3,3,4
3359,2278,4,1120.87,1,1,1
3360,2238,8,4179.51,2,4,4
3361,2225,6,4752.7,3,3,4
3362,2267,3,558.49,2,1,1
3363,2185,6,1800.72,4,3,2
3364,2301,5,3473.79,1,2,3
3365,2252,6,4003.36,2,3,3
3366,2225,4,2264.1,3,1,2
3367,2263,6,4779.07,2,3,4
3368,2210,5,3153.48,3,2,3
3369,2257,6,2672.28,2,3,2
3370,2223,6,3779.55,3,3,3
3371,2222,9,4677.69,3,4,4
3372,2212,6,2684.47,3,3,2
3373,2225,5,4048.46,3,2,3
3374,2182,4,5034.57,4,1,4
3375,2193,8,4285.94,4,4,4
3376,2274,5,2173.36,1,2,2
3377,2258,7,3395.35,2,3,3
3378,2236,4,3399.02,2,1,3
3379,2201,6,5599.08,3,3,4
3380,2244,5,2793.81,2,2,2
3381,2376,5,4829.4,1,2,4
3382,2200,10,4222.77,3,4,4
3383,2210,5,4177.32,3,2,4
3384,2428,5,2050.66,1,2,2
3385,2235,3,1175.54,2,1,1
3386,2188,4,2522.69,4,1,2
3387,2263,8,5318.69,2,4,4
3388,2284,7,3318.49,1,3,3
3389,2235,6,4462.32,2,3,4
3390,2199,4,2408.28,4,1,2
3391,2200,5,2201.58,3,2,2
3392,2255,1,114.93,2,1,1
3393,2183,5,2095.77,4,2,2
3394,2200,5,4073.2,3,2,3
3395,2190,7,2586.85,4,3,2
3396,2252,2,119.73,2,1,1
3397,2270,2,808.85,1,1,1
3398,2246,5,2666.06,2,2,2
3399,2218,4,3084.76,3,1,3
3400,2207,4,1402.9,3,1,1
3401,2247,6,3847.02,2,3,3
3402,2193,9,6036.19,4,4,4
3403,2314,4,3253.38,1,1,3
3404,2232,5,2729.79,2,2,2
3405,2233,9,6167.71,2,4,4
3406,2227,10,5463.64,2,4,4
3407,2199,7,3471.07,4,3,3
3408,2203,5,1355.24,3,2,1
3409,2254,7,3009.3,2,3,3
3410,2422,3,1731.84,1,1,1
3411,2211,7,5772.78,3,3,4
3412,2225,3,1834.47,3,1,2
3413,2206,4,4076.18,3,1,3
3414,2343,3,1734.6,1,1,1
3415,2283,5,4593.82,1,2,4
3416,2303,3,1207.08,1,1,1
3417,2276,8,3975.14,1,4,3
3418,2271,5,2033.01,1,2,2
3419,2186,3,2591.33,4,1,2
3420,2186,11,6808.18,4,4,4
3421,2209,9,4255.89,3,4,4
3422,2213,5,2127.64,3,2,2
3423,2258,4,751.32,2,1,1
3424,2334,2,2056.27,1,1,2
3425,2199,6,3350.14,4,3,3
3426,2226,6,3713.52,3,3,3
3427,2182,8,3921,4,4,3
3428,2272,1,509.97,1,1,1
3429,2302,4,2242.33,1,1,2
3430,2244,7,1653.02,2,3,1
3431,2209,10,6022.12,3,4,4
3432,2287,8,3707.7,1,4,3
3433,2181,10,5925.74,4,4,4
3434,2245,5,1831.51,2,2,2
3435,2317,5,2294.25,1,2,2
3436,2203,7,3302.82,3,3,3
3437,2283,5,2340.72,1,2,2
3438,2355,5,3180.64,1,2,3
3439,2255,6,2109.28,2,3,2
3440,2213,5,1243.65,3,2,1
3441,2319,5,2119.43,1,2,2
3442,2384,4,1535.84,1,1,1
3443,2210,6,3128.74,3,3,3
3444,2220,2,1447.98,3,1,1
3445,2195,6,3864.46,4,3,3
3446,2185,2,308.78,4,1,1
3447,2264,10,3893.06,2,4,3
3448,2191,5,2616.8,4,2,2
3449,2330,4,1541.16,1,1,1
3450,2279,6,5577.06,1,3,4
3451,2196,9,4489.09,4,4,4
3452,2183,2,1820.57,4,1,2
3453,2253,6,2341.29,2,3,2
3454,2296,5,1340.11,1,2,1
3455,2190,6,1766.48,4,3,1
3456,2244,3,2399.59,2,1,2
3457,2278,3,1802.9,1,1,2
3458,2289,3,1740.37,1,1,1
3459,2247,3,2667.14,2,1,2
3460,2236,9,8321.81,2,4,4
3461,2317,7,4233.2,1,3,4
3462,2202,5,4416.71,3,2,4
3463,2238,4,993.92,2,1,1
3465,2253,10,4946.67,2,4,4
3466,2249,3,272.79,2,1,1
3467,2186,6,5135,4,3,4
3468,2182,6,1705.43,4,3,1
3469,2219,3,320.19,3,1,1
3470,2183,8,7228.8,4,4,4
3471,2329,4,1914.1,1,1,2
3472,2186,6,2779.58,4,3,2
3473,2193,4,1504.21,4,1,1
3474,2252,5,2358.99,2,2,2
3475,2184,4,2515.14,4,1,2
3476,2231,5,1152.36,2,2,1
3477,2245,7,3106.49,2,3,3
3478,2210,6,4297.85,3,3,4
3479,2212,6,2265.96,3,3,2
3480,2197,4,1770.26,4,1,1
3481,2235,7,2438.45,2,3,2
3482,2208,8,5549.59,3,4,4
3483,2298,6,2193.04,1,3,2
3484,2260,6,5112.11,2,3,4
3485,2206,3,2491.47,3,1,2
3486,2190,4,2972.34,4,1,3
3487,2191,3,1837.75,4,1,2
3488,2198,2,815.95,4,1,1
3489,2289,6,2644.44,1,3,2
3490,2347,5,2379.57,1,2,2
3491,2370,4,1430.28,1,1,1
3492,2261,3,2193.81,2,1,2
3493,2274,6,3728.88,1,3,3
3494,2185,4,2755.11,4,1,2
3495,2194,7,3847.65,4,3,3
3496,2437,4,2045.84,1,1,2
3497,2233,3,1648.32,2,1,1
3498,2308,6,3147.33,1,3,3
3499,2232,7,4955.25,2,3,4
3500,2325,6,1785.86,1,3,1
